a_m,eta,J_Pa,Ccav_Pa,cavityConstraintPass,,,,,Preparing the data for copy and past into the Mathematica notebook,,,,,,,This is the formula add the sign = in front,,,
2.5e-7,0.85,-0.182249385,-0.182260268,0,,,,,"{2.5e-7,0.85,-0.182249385358806,-0.182260267708673,0},",,,,,,,"""{""&A2&"",""&B2&"",""&C2&"",""&D2&"",""&E2&""},""",,,
2.75e-7,0.85,-0.123074319,-0.123085202,0,,,,,"{2.75e-7,0.85,-0.123074319221306,-0.123085201571173,0},",,,,,,,,,,
3.e-7,0.85,-0.086072173,-0.086083056,0,,,,,"{3.e-7,0.85,-0.0860721734025319,-0.0860830557523989,0},",,,,,,,,,,
3.25e-7,0.85,-0.061982329,-0.061993211,0,,,,,"{3.25e-7,0.85,-0.0619823289565542,-0.0619932113064212,0},",,,,,,,,,,
3.5e-7,0.85,-0.045757166,-0.045768048,0,,,,,"{3.5e-7,0.85,-0.0457571655199199,-0.045768047869787,0},",,,,,,,,,,
3.75e-7,0.85,-0.034507498,-0.034518381,0,,,,,"{3.75e-7,0.85,-0.0345074982636183,-0.0345183806134854,0},",,,,,,,,,,
4.e-7,0.85,-0.026509247,-0.026520129,0,,,,,"{4.e-7,0.85,-0.0265092470046382,-0.0265201293545052,0},",,,,,,,,,,
4.25e-7,0.85,-0.02069606,-0.020706942,0,,,,,"{4.25e-7,0.85,-0.0206960600413244,-0.0207069423911914,0},",,,,,,,,,,
4.5000000000000003e-7,0.85,-0.016389219,-0.016400101,0,,,,,"{4.5000000000000003e-7,0.85,-0.0163892187162731,-0.0164001010661401,0},",,,,,,,,,,
4.75e-7,0.85,-0.013145983,-0.013156865,0,,,,,"{4.75e-7,0.85,-0.0131459827221656,-0.0131568650720326,0},",,,,,,,,,,
5.000000000000001e-7,0.85,-0.010667021,-0.010677903,0,,,,,"{5.000000000000001e-7,0.85,-0.0106670209504673,-0.0106779033003343,0},",,,,,,,,,,
5.250000000000001e-7,0.85,-0.008745808,-0.00875669,0,,,,,"{5.250000000000001e-7,0.85,-0.00874580776749008,-0.00875669011735711,0},",,,,,,,,,,
5.5e-7,0.85,-0.007238143,-0.007249026,0,,,,,"{5.5e-7,0.85,-0.00723814324726075,-0.00724902559712777,0},",,,,,,,,,,
5.75e-7,0.85,-0.006041596,-0.006052479,0,,,,,"{5.75e-7,0.85,-0.00604159639815571,-0.00605247874802273,0},",,,,,,,,,,
6.e-7,0.85,-0.005082185,-0.005093067,0,,,,,"{6.e-7,0.85,-0.00508218490905516,-0.00509306725892218,0},",,,,,,,,,,
6.25e-7,0.85,-0.004305672,-0.004316555,0,,,,,"{6.25e-7,0.85,-0.00430567233951888,-0.0043165546893859,0},",,,,,,,,,,
6.5e-7,0.85,-0.00367176,-0.003682642,0,,,,,"{6.5e-7,0.85,-0.00367175997770933,-0.00368264232757635,0},",,,,,,,,,,
6.750000000000001e-7,0.85,-0.003150135,-0.003161018,0,,,,,"{6.750000000000001e-7,0.85,-0.00315013520059077,-0.00316101755045779,0},",,,,,,,,,,
7.000000000000001e-7,0.85,-0.002717737,-0.002728619,0,,,,,"{7.000000000000001e-7,0.85,-0.00271773680735333,-0.00272861915722035,0},",,,,,,,,,,
7.25e-7,0.85,-0.002356832,-0.002367715,0,,,,,"{7.25e-7,0.85,-0.00235683248640419,-0.00236771483627121,0},",,,,,,,,,,
7.5e-7,0.85,-0.002053645,-0.002064528,0,,,,,"{7.5e-7,0.85,-0.00205364541842527,-0.00206452776829229,0},",,,,,,,,,,
7.75e-7,0.85,-0.001797354,-0.001808236,0,,,,,"{7.75e-7,0.85,-0.0017973536762314,-0.00180823602609842,0},",,,,,,,,,,
8.e-7,0.85,-0.00157934,-0.001590223,0,,,,,"{8.e-7,0.85,-0.00157934044950682,-0.00159022279937384,0},",,,,,,,,,,
8.249999999999999e-7,0.85,-0.001392625,-0.001403507,0,,,,,"{8.249999999999999e-7,0.85,-0.00139262459146644,-0.00140350694133346,0},",,,,,,,,,,
8.500000000000001e-7,0.85,-0.001231534,-0.001242416,0,,,,,"{8.500000000000001e-7,0.85,-0.00123153406666624,-0.00124241641653326,0},",,,,,,,,,,
8.750000000000001e-7,0.85,-0.001091953,-0.001102835,0,,,,,"{8.750000000000001e-7,0.85,-0.00109195268102641,-0.00110283503089343,0},",,,,,,,,,,
9.000000000000001e-7,0.85,-0.000971519,-0.000982402,0,,,,,"{9.000000000000001e-7,0.85,-0.000971519182860286,-0.000982401532727307,0},",,,,,,,,,,
9.25e-7,0.85,-0.000867759,-0.000878642,0,,,,,"{9.25e-7,0.85,-0.000867759452926668,-0.000878641802793689,0},",,,,,,,,,,
9.5e-7,0.85,-0.000777792,-0.000788674,0,,,,,"{9.5e-7,0.85,-0.000777791896009023,-0.000788674245876044,0},",,,,,,,,,,
9.75e-7,0.85,-0.000699293,-0.000710176,0,,,,,"{9.75e-7,0.85,-0.000699293239169198,-0.000710175589036219,0},",,,,,,,,,,
1.0000000000000002e-6,0.85,-0.000630473,-0.000641355,0,,,,,"{1.0000000000000002e-6,0.85,-0.000630472623890784,-0.000641354973757805,0},",,,,,,,,,,
1.025e-6,0.85,-0.000569895,-0.000580777,0,,,,,"{1.025e-6,0.85,-0.000569895137815368,-0.000580777487682389,0},",,,,,,,,,,
1.0500000000000001e-6,0.85,-0.000516385,-0.000527267,0,,,,,"{1.0500000000000001e-6,0.85,-0.000516384711882012,-0.000527267061749034,0},",,,,,,,,,,
1.075e-6,0.85,-0.000468967,-0.000479849,0,,,,,"{1.075e-6,0.85,-0.000468966512909957,-0.000479848862776979,0},",,,,,,,,,,
1.1e-6,0.85,-0.00042681,-0.000437692,0,,,,,"{1.1e-6,0.85,-0.000426810036575356,-0.000437692386442377,0},",,,,,,,,,,
1.125e-6,0.85,-0.00038922,-0.000400102,0,,,,,"{1.125e-6,0.85,-0.000389219906997205,-0.000400102256864226,0},",,,,,,,,,,
1.15e-6,0.85,-0.000355596,-0.000366479,0,,,,,"{1.15e-6,0.85,-0.000355596465154122,-0.000366478815021143,0},",,,,,,,,,,
1.1750000000000002e-6,0.85,-0.000325407,-0.00033629,0,,,,,"{1.1750000000000002e-6,0.85,-0.000325407167956876,-0.000336289517823898,0},",,,,,,,,,,
1.2000000000000002e-6,0.85,-0.000298194,-0.000309076,0,,,,,"{1.2000000000000002e-6,0.85,-0.000298193968826098,-0.00030907631869312,0},",,,,,,,,,,
1.2250000000000001e-6,0.85,-0.000273495,-0.000284377,0,,,,,"{1.2250000000000001e-6,0.85,-0.00027349459431916,-0.000284376944186181,0},",,,,,,,,,,
1.25e-6,0.85,-0.000250897,-0.000261779,0,,,,,"{1.25e-6,0.85,-0.000250896564445194,-0.000261778914312215,0},",,,,,,,,,,
1.275e-6,0.85,-0.000229976,-0.000240859,0,,,,,"{1.275e-6,0.85,-0.000229976298897317,-0.000240858648764339,0},",,,,,,,,,,
1.3e-6,0.85,-0.00021058,-0.000221462,0,,,,,"{1.3e-6,0.85,-0.000210579941507628,-0.000221462291374649,0},",,,,,,,,,,
1.325e-6,0.85,-0.000193035,-0.000203918,0,,,,,"{1.325e-6,0.85,-0.000193035484901874,-0.000203917834768895,0},",,,,,,,,,,
1.35e-6,0.85,-0.000177645,-0.000188527,0,,,,,"{1.35e-6,0.85,-0.000177645128671584,-0.000188527478538606,0},",,,,,,,,,,
1.375e-6,0.85,-0.000164076,-0.000174958,0,,,,,"{1.375e-6,0.85,-0.000164075755337198,-0.000174958105204219,0},",,,,,,,,,,
1.4e-6,0.85,-0.000151895,-0.000162777,0,,,,,"{1.4e-6,0.85,-0.000151894536041856,-0.000162776885908877,0},",,,,,,,,,,
1.4250000000000001e-6,0.85,-0.000140898,-0.000151781,0,,,,,"{1.4250000000000001e-6,0.85,-0.000140898262499595,-0.000151780612366616,0},",,,,,,,,,,
1.45e-6,0.85,-0.000130884,-0.000141766,0,,,,,"{1.45e-6,0.85,-0.000130883626596122,-0.000141765976463143,0},",,,,,,,,,,
1.4750000000000003e-6,0.85,-0.000121733,-0.000132616,0,,,,,"{1.4750000000000003e-6,0.85,-0.000121733252369796,-0.000132615602236818,0},",,,,,,,,,,
1.5e-6,0.85,-0.000113379,-0.000124261,0,,,,,"{1.5e-6,0.85,-0.000113378990874823,-0.000124261340741844,0},",,,,,,,,,,
2.5e-7,0.855,-0.182248237,-0.18226257,0,,,,,"{2.5e-7,0.855,-0.182248237160227,-0.182262570471899,0},",,,,,,,,,,
2.75e-7,0.855,-0.12307321,-0.123087543,0,,,,,"{2.75e-7,0.855,-0.123073209920869,-0.123087543232542,0},",,,,,,,,,,
3.e-7,0.855,-0.086071046,-0.086085379,0,,,,,"{3.e-7,0.855,-0.0860710455802826,-0.0860853788919549,0},",,,,,,,,,,
3.25e-7,0.855,-0.061981119,-0.061995453,0,,,,,"{3.25e-7,0.855,-0.0619811192914629,-0.0619954526031352,0},",,,,,,,,,,
3.5e-7,0.855,-0.045755784,-0.045770117,0,,,,,"{3.5e-7,0.855,-0.0457557838322984,-0.0457701171439707,0},",,,,,,,,,,
3.75e-7,0.855,-0.034505787,-0.03452012,0,,,,,"{3.75e-7,0.855,-0.0345057870528669,-0.0345201203645392,0},",,,,,,,,,,
4.e-7,0.855,-0.026506899,-0.026521232,0,,,,,"{4.e-7,0.855,-0.0265068987332333,-0.0265212320449057,0},",,,,,,,,,,
4.25e-7,0.855,-0.02069257,-0.020706903,0,,,,,"{4.25e-7,0.855,-0.0206925701096243,-0.0207069034212966,0},",,,,,,,,,,
4.5000000000000003e-7,0.855,-0.01638441,-0.016398743,0,,,,,"{4.5000000000000003e-7,0.855,-0.0163844101282587,-0.016398743439931,0},",,,,,,,,,,
4.75e-7,0.855,-0.013140571,-0.013154904,0,,,,,"{4.75e-7,0.855,-0.0131405707244619,-0.0131549040361342,0},",,,,,,,,,,
5.000000000000001e-7,0.855,-0.010661674,-0.010676007,0,,,,,"{5.000000000000001e-7,0.855,-0.010661673581756,-0.0106760068934283,0},",,,,,,,,,,
5.250000000000001e-7,0.855,-0.008740794,-0.008755127,0,,,,,"{5.250000000000001e-7,0.855,-0.00874079385389546,-0.00875512716556777,0},",,,,,,,,,,
5.5e-7,0.855,-0.007233534,-0.007247868,0,,,,,"{5.5e-7,0.855,-0.00723353432551353,-0.00724786763718584,0},",,,,,,,,,,
5.75e-7,0.855,-0.006037389,-0.006051722,0,,,,,"{5.75e-7,0.855,-0.00603738858308529,-0.0060517218947576,0},",,,,,,,,,,
6.e-7,0.855,-0.005078347,-0.00509268,0,,,,,"{6.e-7,0.855,-0.00507834675016844,-0.00509268006184075,0},",,,,,,,,,,
6.25e-7,0.855,-0.004302163,-0.004316497,0,,,,,"{6.25e-7,0.855,-0.00430216336555109,-0.0043164966772234,0},",,,,,,,,,,
6.5e-7,0.855,-0.003668538,-0.003682871,0,,,,,"{6.5e-7,0.855,-0.0036685378467624,-0.00368287115843471,0},",,,,,,,,,,
6.750000000000001e-7,0.855,-0.003147158,-0.003161491,0,,,,,"{6.750000000000001e-7,0.855,-0.00314715800564495,-0.00316149131731726,0},",,,,,,,,,,
7.000000000000001e-7,0.855,-0.002714963,-0.002729296,0,,,,,"{7.000000000000001e-7,0.855,-0.00271496291577931,-0.00272929622745162,0},",,,,,,,,,,
7.25e-7,0.855,-0.002354218,-0.002368552,0,,,,,"{7.25e-7,0.855,-0.00235421848179242,-0.00236855179346473,0},",,,,,,,,,,
7.5e-7,0.855,-0.002051141,-0.002065475,0,,,,,"{7.5e-7,0.855,-0.00205114142069057,-0.00206547473236288,0},",,,,,,,,,,
7.75e-7,0.855,-0.001794894,-0.001809227,0,,,,,"{7.75e-7,0.855,-0.00179489354806436,-0.00180922685973667,0},",,,,,,,,,,
8.e-7,0.855,-0.001576822,-0.001591155,0,,,,,"{8.e-7,0.855,-0.00157682198272624,-0.00159115529439855,0},",,,,,,,,,,
8.249999999999999e-7,0.855,-0.001389877,-0.00140421,0,,,,,"{8.249999999999999e-7,0.855,-0.00138987704154695,-0.00140421035321926,0},",,,,,,,,,,
8.500000000000001e-7,0.855,-0.001228307,-0.001242641,0,,,,,"{8.500000000000001e-7,0.855,-0.00122830720041409,-0.0012426405120864,0},",,,,,,,,,,
8.750000000000001e-7,0.855,-0.001088078,-0.001102411,0,,,,,"{8.750000000000001e-7,0.855,-0.00108807809217004,-0.00110241140384235,0},",,,,,,,,,,
9.000000000000001e-7,0.855,-0.000967206,-0.000981539,0,,,,,"{9.000000000000001e-7,0.855,-0.000967206088849047,-0.000981539400521357,0},",,,,,,,,,,
9.25e-7,0.855,-0.000863353,-0.000877686,0,,,,,"{9.25e-7,0.855,-0.000863352714480698,-0.000877686026153008,0},",,,,,,,,,,
9.5e-7,0.855,-0.000773479,-0.000787812,0,,,,,"{9.5e-7,0.855,-0.000773478616756084,-0.000787811928428394,0},",,,,,,,,,,
9.75e-7,0.855,-0.000695148,-0.000709482,0,,,,,"{9.75e-7,0.855,-0.000695148283547253,-0.000709481595219563,0},",,,,,,,,,,
1.0000000000000002e-6,0.855,-0.000626521,-0.000640855,0,,,,,"{1.0000000000000002e-6,0.855,-0.000626521438127584,-0.000640854749799894,0},",,,,,,,,,,
1.025e-6,0.855,-0.000566141,-0.000580474,0,,,,,"{1.025e-6,0.855,-0.000566140688372615,-0.000580474000044924,0},",,,,,,,,,,
1.0500000000000001e-6,0.855,-0.00051282,-0.000527153,0,,,,,"{1.0500000000000001e-6,0.855,-0.000512819531102142,-0.000527152842774452,0},",,,,,,,,,,
1.075e-6,0.855,-0.000465579,-0.000479912,0,,,,,"{1.075e-6,0.855,-0.000465579142010652,-0.000479912453682961,0},",,,,,,,,,,
1.1e-6,0.855,-0.000423584,-0.000437917,0,,,,,"{1.1e-6,0.855,-0.000423583568317329,-0.000437916879989639,0},",,,,,,,,,,
1.125e-6,0.855,-0.000386136,-0.000400469,0,,,,,"{1.125e-6,0.855,-0.00038613578307492,-0.00040046909474723,0},",,,,,,,,,,
1.15e-6,0.855,-0.000352632,-0.000366966,0,,,,,"{1.15e-6,0.855,-0.00035263238909019,-0.0003669657007625,0},",,,,,,,,,,
1.1750000000000002e-6,0.855,-0.000322531,-0.000336865,0,,,,,"{1.1750000000000002e-6,0.855,-0.000322531329580796,-0.000336864641253106,0},",,,,,,,,,,
1.2000000000000002e-6,0.855,-0.000295366,-0.000309699,0,,,,,"{1.2000000000000002e-6,0.855,-0.000295366006111125,-0.000309699317783435,0},",,,,,,,,,,
1.2250000000000001e-6,0.855,-0.000270645,-0.000284979,0,,,,,"{1.2250000000000001e-6,0.855,-0.000270645199575206,-0.000284978511247516,0},",,,,,,,,,,
1.25e-6,0.855,-0.000247927,-0.000262261,0,,,,,"{1.25e-6,0.855,-0.000247927196558069,-0.000262260508230379,0},",,,,,,,,,,
1.275e-6,0.855,-0.000226742,-0.000241075,0,,,,,"{1.275e-6,0.855,-0.000226742043843481,-0.000241075355515791,0},",,,,,,,,,,
1.3e-6,0.855,-0.000206963,-0.000221297,0,,,,,"{1.3e-6,0.855,-0.00020696347195941,-0.00022129678363172,0},",,,,,,,,,,
1.325e-6,0.855,-0.00018909,-0.000203423,0,,,,,"{1.325e-6,0.855,-0.000189090007435253,-0.000203423319107563,0},",,,,,,,,,,
1.35e-6,0.855,-0.000173578,-0.000187911,0,,,,,"{1.35e-6,0.855,-0.000173577783536407,-0.000187911095208717,0},",,,,,,,,,,
1.375e-6,0.855,-0.000160039,-0.000174372,0,,,,,"{1.375e-6,0.855,-0.000160038905687251,-0.000174372217359561,0},",,,,,,,,,,
1.4e-6,0.855,-0.000147948,-0.000162281,0,,,,,"{1.4e-6,0.855,-0.000147947917254209,-0.000162281228926519,0},",,,,,,,,,,
1.4250000000000001e-6,0.855,-0.000137076,-0.00015141,0,,,,,"{1.4250000000000001e-6,0.855,-0.000137076434621457,-0.000151409746293767,0},",,,,,,,,,,
1.45e-6,0.855,-0.000127191,-0.000141525,0,,,,,"{1.45e-6,0.855,-0.000127191299555445,-0.000141524611227755,0},",,,,,,,,,,
1.4750000000000003e-6,0.855,-0.000118169,-0.000132502,0,,,,,"{1.4750000000000003e-6,0.855,-0.000118168510327366,-0.000132501821999676,0},",,,,,,,,,,
1.5e-6,0.855,-0.000109945,-0.000124279,0,,,,,"{1.5e-6,0.855,-0.000109945405676851,-0.000124278717349161,0},",,,,,,,,,,
2.5e-7,0.86,-0.182246725,-0.182265604,0,,,,,"{2.5e-7,0.86,-0.182246724789167,-0.182265603597063,0},",,,,,,,,,,
2.75e-7,0.86,-0.123071749,-0.123090628,0,,,,,"{2.75e-7,0.86,-0.123071748785748,-0.123090627593644,0},",,,,,,,,,,
3.e-7,0.86,-0.08606956,-0.086088439,0,,,,,"{3.e-7,0.86,-0.0860695600494671,-0.0860884388573632,0},",,,,,,,,,,
3.25e-7,0.86,-0.061979526,-0.061998405,0,,,,,"{3.25e-7,0.86,-0.0619795259608224,-0.0619984047687185,0},",,,,,,,,,,
3.5e-7,0.86,-0.045753964,-0.045772843,0,,,,,"{3.5e-7,0.86,-0.0457539639207641,-0.0457728427286602,0},",,,,,,,,,,
3.75e-7,0.86,-0.034503533,-0.034522412,0,,,,,"{3.75e-7,0.86,-0.0345035331074308,-0.0345224119153269,0},",,,,,,,,,,
4.e-7,0.86,-0.026503806,-0.026522684,0,,,,,"{4.e-7,0.86,-0.0265038056788517,-0.0265226844867478,0},",,,,,,,,,,
4.25e-7,0.86,-0.020687973,-0.020706852,0,,,,,"{4.25e-7,0.86,-0.0206879733046654,-0.0207068521125615,0},",,,,,,,,,,
4.5000000000000003e-7,0.86,-0.016378076,-0.016396955,0,,,,,"{4.5000000000000003e-7,0.86,-0.0163780764250374,-0.0163969552329335,0},",,,,,,,,,,
4.75e-7,0.86,-0.013133442,-0.013152321,0,,,,,"{4.75e-7,0.86,-0.0131334422162807,-0.0131523210241768,0},",,,,,,,,,,
5.000000000000001e-7,0.86,-0.01065463,-0.010673509,0,,,,,"{5.000000000000001e-7,0.86,-0.0106546301941736,-0.0106735090020697,0},",,,,,,,,,,
5.250000000000001e-7,0.86,-0.00873419,-0.008753068,0,,,,,"{5.250000000000001e-7,0.86,-0.00873418968031972,-0.00875306848821583,0},",,,,,,,,,,
5.5e-7,0.86,-0.007227464,-0.007246342,0,,,,,"{5.5e-7,0.86,-0.00722746359363261,-0.00724634240152872,0},",,,,,,,,,,
5.75e-7,0.86,-0.006031846,-0.006050725,0,,,,,"{5.75e-7,0.86,-0.00603184617622807,-0.00605072498412419,0},",,,,,,,,,,
6.e-7,0.86,-0.005073291,-0.00509217,0,,,,,"{6.e-7,0.86,-0.00507329124307646,-0.00509217005097258,0},",,,,,,,,,,
6.25e-7,0.86,-0.004297541,-0.00431642,0,,,,,"{6.25e-7,0.86,-0.0042975414509154,-0.00431642025881151,0},",,,,,,,,,,
6.5e-7,0.86,-0.003664294,-0.003683173,0,,,,,"{6.5e-7,0.86,-0.00366429375326644,-0.00368317256116256,0},",,,,,,,,,,
6.750000000000001e-7,0.86,-0.003143237,-0.003162115,0,,,,,"{6.750000000000001e-7,0.86,-0.0031432365347696,-0.00316211534266572,0},",,,,,,,,,,
7.000000000000001e-7,0.86,-0.002711309,-0.002730188,0,,,,,"{7.000000000000001e-7,0.86,-0.00271130923046112,-0.00273018803835723,0},",,,,,,,,,,
7.25e-7,0.86,-0.002350775,-0.002369654,0,,,,,"{7.25e-7,0.86,-0.00235077539553353,-0.00236965420342965,0},",,,,,,,,,,
7.5e-7,0.86,-0.002047843,-0.002066722,0,,,,,"{7.5e-7,0.86,-0.00204784323348269,-0.0020667220413788,0},",,,,,,,,,,
7.75e-7,0.86,-0.001791653,-0.001810532,0,,,,,"{7.75e-7,0.86,-0.0017916531469202,-0.00181053195481631,0},",,,,,,,,,,
8.e-7,0.86,-0.001573505,-0.001592384,0,,,,,"{8.e-7,0.86,-0.00157350474423245,-0.00159238355212856,0},",,,,,,,,,,
8.249999999999999e-7,0.86,-0.001386258,-0.001405137,0,,,,,"{8.249999999999999e-7,0.86,-0.00138625806928048,-0.0014051368771766,0},",,,,,,,,,,
8.500000000000001e-7,0.86,-0.001224057,-0.001242936,0,,,,,"{8.500000000000001e-7,0.86,-0.00122405689497385,-0.00124293570286997,0},",,,,,,,,,,
8.750000000000001e-7,0.86,-0.001082975,-0.001101853,0,,,,,"{8.750000000000001e-7,0.86,-0.001082974623907,-0.00110185343180312,0},",,,,,,,,,,
9.000000000000001e-7,0.86,-0.000961525,-0.000980404,0,,,,,"{9.000000000000001e-7,0.86,-0.000961525024494137,-0.000980403832390251,0},",,,,,,,,,,
9.25e-7,0.86,-0.000857548,-0.000876427,0,,,,,"{9.25e-7,0.86,-0.000857548297590984,-0.000876427105487098,0},",,,,,,,,,,
9.5e-7,0.86,-0.000767797,-0.000786676,0,,,,,"{9.5e-7,0.86,-0.000767797298227282,-0.000786676106123396,0},",,,,,,,,,,
9.75e-7,0.86,-0.000689689,-0.000708567,0,,,,,"{9.75e-7,0.86,-0.000689688674288679,-0.000708567482184793,0},",,,,,,,,,,
1.0000000000000002e-6,0.86,-0.000621317,-0.000640196,0,,,,,"{1.0000000000000002e-6,0.86,-0.000621317055954838,-0.000640195863850952,0},",,,,,,,,,,
1.025e-6,0.86,-0.000561195,-0.000580074,0,,,,,"{1.025e-6,0.86,-0.00056119544099286,-0.000580074248888974,0},",,,,,,,,,,
1.0500000000000001e-6,0.86,-0.000508124,-0.000527002,0,,,,,"{1.0500000000000001e-6,0.86,-0.000508123582595006,-0.00052700239049112,0},",,,,,,,,,,
1.075e-6,0.86,-0.000461117,-0.000479996,0,,,,,"{1.075e-6,0.86,-0.000461117399465562,-0.000479996207361677,0},",,,,,,,,,,
1.1e-6,0.86,-0.000419334,-0.000438213,0,,,,,"{1.1e-6,0.86,-0.000419333762090571,-0.000438212569986685,0},",,,,,,,,,,
1.125e-6,0.86,-0.000382073,-0.000400952,0,,,,,"{1.125e-6,0.86,-0.000382073469065539,-0.000400952276961653,0},",,,,,,,,,,
1.15e-6,0.86,-0.000348728,-0.000367607,0,,,,,"{1.15e-6,0.86,-0.000348728199358196,-0.00036760700725431,0},",,,,,,,,,,
1.1750000000000002e-6,0.86,-0.000318743,-0.000337622,0,,,,,"{1.1750000000000002e-6,0.86,-0.000318743365359644,-0.000337622173255758,0},",,,,,,,,,,
1.2000000000000002e-6,0.86,-0.000291641,-0.00031052,0,,,,,"{1.2000000000000002e-6,0.86,-0.000291641104953379,-0.000310519912849493,0},",,,,,,,,,,
1.2250000000000001e-6,0.86,-0.000266892,-0.000285771,0,,,,,"{1.2250000000000001e-6,0.86,-0.000266892073158911,-0.000285770881055025,0},",,,,,,,,,,
1.25e-6,0.86,-0.000244016,-0.000262895,0,,,,,"{1.25e-6,0.86,-0.000244016051610467,-0.000262894859506581,0},",,,,,,,,,,
1.275e-6,0.86,-0.000222482,-0.000241361,0,,,,,"{1.275e-6,0.86,-0.000222482003579034,-0.000241360811475148,0},",,,,,,,,,,
1.3e-6,0.86,-0.0002022,-0.000221079,0,,,,,"{1.3e-6,0.86,-0.000202199989597051,-0.000221078797493165,0},",,,,,,,,,,
1.325e-6,0.86,-0.000183893,-0.000202772,0,,,,,"{1.325e-6,0.86,-0.000183893157439045,-0.000202771965335159,0},",,,,,,,,,,
1.35e-6,0.86,-0.00016822,-0.000187099,0,,,,,"{1.35e-6,0.86,-0.000168220405799532,-0.000187099213695646,0},",,,,,,,,,,
1.375e-6,0.86,-0.000154722,-0.000173601,0,,,,,"{1.375e-6,0.86,-0.000154721692458615,-0.000173600500354729,0},",,,,,,,,,,
1.4e-6,0.86,-0.00014275,-0.000161628,0,,,,,"{1.4e-6,0.86,-0.00014274955146971,-0.000161628359365824,0},",,,,,,,,,,
1.4250000000000001e-6,0.86,-0.000132042,-0.000150921,0,,,,,"{1.4250000000000001e-6,0.86,-0.000132042438883958,-0.000150921246780072,0},",,,,,,,,,,
1.45e-6,0.86,-0.000122328,-0.000141207,0,,,,,"{1.45e-6,0.86,-0.000122327878207336,-0.00014120668610345,0},",,,,,,,,,,
1.4750000000000003e-6,0.86,-0.000113473,-0.000132352,0,,,,,"{1.4750000000000003e-6,0.86,-0.000113473139639884,-0.000132351947535998,0},",,,,,,,,,,
1.5e-6,0.86,-0.000105423,-0.000124302,0,,,,,"{1.5e-6,0.86,-0.000105422791181965,-0.00012430159907808,0},",,,,,,,,,,
2.5e-7,0.865,-0.182244733,-0.182269599,0,,,,,"{2.5e-7,0.865,-0.182244732697021,-0.182269598819768,0},",,,,,,,,,,
2.75e-7,0.865,-0.123069824,-0.12309469,0,,,,,"{2.75e-7,0.865,-0.123069824182395,-0.123094690305142,0},",,,,,,,,,,
3.e-7,0.865,-0.086067603,-0.086092469,0,,,,,"{3.e-7,0.865,-0.0860676033132917,-0.0860924694360383,0},",,,,,,,,,,
3.25e-7,0.865,-0.061977427,-0.062002293,0,,,,,"{3.25e-7,0.865,-0.0619774272326545,-0.0620022933554011,0},",,,,,,,,,,
3.5e-7,0.865,-0.045751567,-0.045776433,0,,,,,"{3.5e-7,0.865,-0.0457515667437716,-0.0457764328665182,0},",,,,,,,,,,
3.75e-7,0.865,-0.034500564,-0.03452543,0,,,,,"{3.75e-7,0.865,-0.0345005642280971,-0.0345254303508438,0},",,,,,,,,,,
4.e-7,0.865,-0.026499732,-0.026524598,0,,,,,"{4.e-7,0.865,-0.0264997315395752,-0.0265245976623219,0},",,,,,,,,,,
4.25e-7,0.865,-0.020681918,-0.020706785,0,,,,,"{4.25e-7,0.865,-0.0206819184428059,-0.0207067845655525,0},",,,,,,,,,,
4.5000000000000003e-7,0.865,-0.016369734,-0.0163946,0,,,,,"{4.5000000000000003e-7,0.865,-0.0163697337144743,-0.0163945998372209,0},",,,,,,,,,,
4.75e-7,0.865,-0.013124053,-0.013148919,0,,,,,"{4.75e-7,0.865,-0.0131240525681871,-0.0131489186909337,0},",,,,,,,,,,
5.000000000000001e-7,0.865,-0.010645353,-0.010670219,0,,,,,"{5.000000000000001e-7,0.865,-0.0106453526551779,-0.0106702187779245,0},",,,,,,,,,,
5.250000000000001e-7,0.865,-0.008725491,-0.008750357,0,,,,,"{5.250000000000001e-7,0.865,-0.00872549066865024,-0.00875035679139685,0},",,,,,,,,,,
5.5e-7,0.865,-0.007219467,-0.007244333,0,,,,,"{5.5e-7,0.865,-0.00721946722885929,-0.00724433335160591,0},",,,,,,,,,,
5.75e-7,0.865,-0.006024546,-0.006049412,0,,,,,"{5.75e-7,0.865,-0.00602454571998913,-0.00604941184273574,0},",,,,,,,,,,
6.e-7,0.865,-0.005066632,-0.005091498,0,,,,,"{6.e-7,0.865,-0.00506663213069735,-0.00509149825344397,0},",,,,,,,,,,
6.25e-7,0.865,-0.004291453,-0.00431632,0,,,,,"{6.25e-7,0.865,-0.00429145346640698,-0.0043163195891536,0},",,,,,,,,,,
6.5e-7,0.865,-0.003658703,-0.00368357,0,,,,,"{6.5e-7,0.865,-0.00365870343493527,-0.00368356955768189,0},",,,,,,,,,,
6.750000000000001e-7,0.865,-0.003138071,-0.003162937,0,,,,,"{6.750000000000001e-7,0.865,-0.00313807117539147,-0.00316293729813809,0},",,,,,,,,,,
7.000000000000001e-7,0.865,-0.002706497,-0.002731363,0,,,,,"{7.000000000000001e-7,0.865,-0.00270649659898499,-0.0027313627217316,0},",,,,,,,,,,
7.25e-7,0.865,-0.00234624,-0.002371106,0,,,,,"{7.25e-7,0.865,-0.00234624016642002,-0.00237110628916664,0},",,,,,,,,,,
7.5e-7,0.865,-0.002043499,-0.002068365,0,,,,,"{7.5e-7,0.865,-0.00204349886762945,-0.00206836499037606,0},",,,,,,,,,,
7.75e-7,0.865,-0.001787385,-0.001812251,0,,,,,"{7.75e-7,0.865,-0.00178738490100335,-0.00181225102374996,0},",,,,,,,,,,
8.e-7,0.865,-0.001569135,-0.001594001,0,,,,,"{8.e-7,0.865,-0.00156913529601057,-0.00159400141875719,0},",,,,,,,,,,
8.249999999999999e-7,0.865,-0.001381491,-0.001406357,0,,,,,"{8.249999999999999e-7,0.865,-0.00138149119065829,-0.00140635731340491,0},",,,,,,,,,,
8.500000000000001e-7,0.865,-0.001218458,-0.001243325,0,,,,,"{8.500000000000001e-7,0.865,-0.00121845843809097,-0.00124332456083759,0},",,,,,,,,,,
8.750000000000001e-7,0.865,-0.001076252,-0.001101119,0,,,,,"{8.750000000000001e-7,0.865,-0.0010762523774885,-0.00110111850023512,0},",,,,,,,,,,
9.000000000000001e-7,0.865,-0.000954042,-0.000978908,0,,,,,"{9.000000000000001e-7,0.865,-0.000954041950757828,-0.000978908073504443,0},",,,,,,,,,,
9.25e-7,0.865,-0.000849903,-0.000874769,0,,,,,"{9.25e-7,0.865,-0.000849902731944337,-0.000874768854690952,0},",,,,,,,,,,
9.5e-7,0.865,-0.000760314,-0.00078518,0,,,,,"{9.5e-7,0.865,-0.000760313872032685,-0.0007851799947793,0},",,,,,,,,,,
9.75e-7,0.865,-0.000682497,-0.000707363,0,,,,,"{9.75e-7,0.865,-0.000682497280807297,-0.000707363403553912,0},",,,,,,,,,,
1.0000000000000002e-6,0.865,-0.000614462,-0.000639328,0,,,,,"{1.0000000000000002e-6,0.865,-0.000614461846251986,-0.000639327968998601,0},",,,,,,,,,,
1.025e-6,0.865,-0.000554682,-0.000579548,0,,,,,"{1.025e-6,0.865,-0.000554681562946875,-0.00057954768569349,0},",,,,,,,,,,
1.0500000000000001e-6,0.865,-0.000501938,-0.000526804,0,,,,,"{1.0500000000000001e-6,0.865,-0.000501938080773351,-0.000526804203519966,0},",,,,,,,,,,
1.075e-6,0.865,-0.00045524,-0.000480107,0,,,,,"{1.075e-6,0.865,-0.000455240393927959,-0.000480106516674574,0},",,,,,,,,,,
1.1e-6,0.865,-0.000413736,-0.000438602,0,,,,,"{1.1e-6,0.865,-0.000413735919376395,-0.00043860204212301,0},",,,,,,,,,,
1.125e-6,0.865,-0.000376723,-0.000401589,0,,,,,"{1.125e-6,0.865,-0.000376722592001101,-0.000401588714747716,0},",,,,,,,,,,
1.15e-6,0.865,-0.000343586,-0.000368452,0,,,,,"{1.15e-6,0.865,-0.00034358560503524,-0.000368451727781854,0},",,,,,,,,,,
1.1750000000000002e-6,0.865,-0.000313754,-0.00033862,0,,,,,"{1.1750000000000002e-6,0.865,-0.000313753865829461,-0.000338619988576076,0},",,,,,,,,,,
1.2000000000000002e-6,0.865,-0.000286735,-0.000311601,0,,,,,"{1.2000000000000002e-6,0.865,-0.000286734676732456,-0.000311600799479071,0},",,,,,,,,,,
1.2250000000000001e-6,0.865,-0.000261948,-0.000286815,0,,,,,"{1.2250000000000001e-6,0.865,-0.000261948474206385,-0.000286814596953,0},",,,,,,,,,,
1.25e-6,0.865,-0.000238864,-0.00026373,0,,,,,"{1.25e-6,0.865,-0.000238864321928312,-0.000263730444674927,0},",,,,,,,,,,
1.275e-6,0.865,-0.000216871,-0.000241737,0,,,,,"{1.275e-6,0.865,-0.000216870719620933,-0.000241736842367548,0},",,,,,,,,,,
1.3e-6,0.865,-0.000195926,-0.000220792,0,,,,,"{1.3e-6,0.865,-0.000195925570654501,-0.000220791693401116,0},",,,,,,,,,,
1.325e-6,0.865,-0.000177048,-0.000201914,0,,,,,"{1.325e-6,0.865,-0.000177047892331777,-0.000201914015078391,0},",,,,,,,,,,
1.35e-6,0.865,-0.000161164,-0.00018603,0,,,,,"{1.35e-6,0.865,-0.000161163680894351,-0.000186029803640966,0},",,,,,,,,,,
1.375e-6,0.865,-0.000147718,-0.000172584,0,,,,,"{1.375e-6,0.865,-0.000147717866636148,-0.000172583989382763,0},",,,,,,,,,,
1.4e-6,0.865,-0.000135902,-0.000160768,0,,,,,"{1.4e-6,0.865,-0.000135902268123215,-0.00016076839086983,0},",,,,,,,,,,
1.4250000000000001e-6,0.865,-0.000125412,-0.000150278,0,,,,,"{1.4250000000000001e-6,0.865,-0.00012541166236934,-0.000150277785115955,0},",,,,,,,,,,
1.45e-6,0.865,-0.000115922,-0.000140788,0,,,,,"{1.45e-6,0.865,-0.00011592178186695,-0.000140787904613565,0},",,,,,,,,,,
1.4750000000000003e-6,0.865,-0.000107288,-0.000132155,0,,,,,"{1.4750000000000003e-6,0.865,-0.000107288398797066,-0.000132154521543681,0},",,,,,,,,,,
1.5e-6,0.865,-9.94656E-05,-0.000124332,0,,,,,"{1.5e-6,0.865,-9.94656053567041E-05,-0.000124331728103319,0},",,,,,,,,,,
2.5e-7,0.87,-0.182242109,-0.182274861,0,,,,,"{2.5e-7,0.87,-0.18224210863992,-0.18227486146773,0},",,,,,,,,,,
2.75e-7,0.87,-0.123067289,-0.123100042,0,,,,,"{2.75e-7,0.87,-0.123067289025608,-0.123100041853418,0},",,,,,,,,,,
3.e-7,0.87,-0.086065026,-0.086097779,0,,,,,"{3.e-7,0.87,-0.0860650258319391,-0.0860977786597486,0},",,,,,,,,,,
3.25e-7,0.87,-0.061974663,-0.062007416,0,,,,,"{3.25e-7,0.87,-0.0619746627172111,-0.0620074155450205,0},",,,,,,,,,,
3.5e-7,0.87,-0.045748409,-0.045781162,0,,,,,"{3.5e-7,0.87,-0.045748409105889,-0.0457811619336985,0},",,,,,,,,,,
3.75e-7,0.87,-0.034496654,-0.034529406,0,,,,,"{3.75e-7,0.87,-0.0344966535336896,-0.0345294063614991,0},",,,,,,,,,,
4.e-7,0.87,-0.026494365,-0.026527118,0,,,,,"{4.e-7,0.87,-0.0264943649781009,-0.0265271178059104,0},",,,,,,,,,,
4.25e-7,0.87,-0.020673943,-0.020706696,0,,,,,"{4.25e-7,0.87,-0.0206739428261068,-0.0207066956539163,0},",,,,,,,,,,
4.5000000000000003e-7,0.87,-0.016358744,-0.016391497,0,,,,,"{4.5000000000000003e-7,0.87,-0.016358744442291,-0.0163914972701005,0},",,,,,,,,,,
4.75e-7,0.87,-0.013111684,-0.013144437,0,,,,,"{4.75e-7,0.87,-0.0131116841931433,-0.0131444370209528,0},",,,,,,,,,,
5.000000000000001e-7,0.87,-0.010633132,-0.010665885,0,,,,,"{5.000000000000001e-7,0.87,-0.0106331319342634,-0.0106658847620728,0},",,,,,,,,,,
5.250000000000001e-7,0.87,-0.008714032,-0.008746785,0,,,,,"{5.250000000000001e-7,0.87,-0.00871403199743839,-0.00874678482524786,0},",,,,,,,,,,
5.5e-7,0.87,-0.007208934,-0.007241687,0,,,,,"{5.5e-7,0.87,-0.00720893410750269,-0.00724168693531216,0},",,,,,,,,,,
5.75e-7,0.87,-0.006014929,-0.006047682,0,,,,,"{5.75e-7,0.87,-0.00601492927473763,-0.00604768210254711,0},",,,,,,,,,,
6.e-7,0.87,-0.00505786,-0.005090613,0,,,,,"{6.e-7,0.87,-0.00505786048798271,-0.00509061331579218,0},",,,,,,,,,,
6.25e-7,0.87,-0.004283434,-0.004316187,0,,,,,"{6.25e-7,0.87,-0.00428343413565027,-0.00431618696345974,0},",,,,,,,,,,
6.5e-7,0.87,-0.00365134,-0.003684092,0,,,,,"{6.5e-7,0.87,-0.00365133964999089,-0.00368409247780036,0},",,,,,,,,,,
6.750000000000001e-7,0.87,-0.003131267,-0.00316402,0,,,,,"{6.750000000000001e-7,0.87,-0.00313126716389663,-0.0031640199917061,0},",,,,,,,,,,
7.000000000000001e-7,0.87,-0.002700157,-0.00273291,0,,,,,"{7.000000000000001e-7,0.87,-0.00270015721592157,-0.00273291004373105,0},",,,,,,,,,,
7.25e-7,0.87,-0.002340266,-0.002373019,0,,,,,"{7.25e-7,0.87,-0.00234026619091169,-0.00237301901872116,0},",,,,,,,,,,
7.5e-7,0.87,-0.002037776,-0.002070529,0,,,,,"{7.5e-7,0.87,-0.00203777630860371,-0.00207052913641318,0},",,,,,,,,,,
7.75e-7,0.87,-0.001781763,-0.001814515,0,,,,,"{7.75e-7,0.87,-0.0017817626173308,-0.00181451544514027,0},",,,,,,,,,,
8.e-7,0.87,-0.00156338,-0.001596133,0,,,,,"{8.e-7,0.87,-0.00156337971829401,-0.00159613254610348,0},",,,,,,,,,,
8.249999999999999e-7,0.87,-0.001375212,-0.001407965,0,,,,,"{8.249999999999999e-7,0.87,-0.00137521212506508,-0.00140796495287456,0},",,,,,,,,,,
8.500000000000001e-7,0.87,-0.001211084,-0.001243837,0,,,,,"{8.500000000000001e-7,0.87,-0.00121108400875653,-0.001243836836566,0},",,,,,,,,,,
8.750000000000001e-7,0.87,-0.001067398,-0.00110015,0,,,,,"{8.750000000000001e-7,0.87,-0.00106739764224997,-0.00110015047005945,0},",,,,,,,,,,
9.000000000000001e-7,0.87,-0.000944185,-0.000976938,0,,,,,"{9.000000000000001e-7,0.87,-0.00094418499298403,-0.000976937820793503,0},",,,,,,,,,,
9.25e-7,0.87,-0.000839832,-0.000872585,0,,,,,"{9.25e-7,0.87,-0.000839831712681793,-0.000872584540491266,0},",,,,,,,,,,
9.5e-7,0.87,-0.000750456,-0.000783209,0,,,,,"{9.5e-7,0.87,-0.000750456419344883,-0.000783209247154356,0},",,,,,,,,,,
9.75e-7,0.87,-0.000673025,-0.000705777,0,,,,,"{9.75e-7,0.87,-0.000673024500375759,-0.000705777328185232,0},",,,,,,,,,,
1.0000000000000002e-6,0.87,-0.000605432,-0.000638185,0,,,,,"{1.0000000000000002e-6,0.87,-0.000605431898027697,-0.000638184725837169,0},",,,,,,,,,,
1.025e-6,0.87,-0.000546101,-0.000578854,0,,,,,"{1.025e-6,0.87,-0.000546101229039822,-0.000578854056849295,0},",,,,,,,,,,
1.0500000000000001e-6,0.87,-0.00049379,-0.000526543,0,,,,,"{1.0500000000000001e-6,0.87,-0.000493790296543431,-0.000526543124352904,0},",,,,,,,,,,
1.075e-6,0.87,-0.000447499,-0.000480252,0,,,,,"{1.075e-6,0.87,-0.000447498973499942,-0.000480251801309415,0},",,,,,,,,,,
1.1e-6,0.87,-0.000406362,-0.000439115,0,,,,,"{1.1e-6,0.87,-0.000406362223757089,-0.000439115051566561,0},",,,,,,,,,,
1.125e-6,0.87,-0.000369674,-0.000402427,0,,,,,"{1.125e-6,0.87,-0.0003696742108379,-0.000402427038647373,0},",,,,,,,,,,
1.15e-6,0.87,-0.000336812,-0.000369564,0,,,,,"{1.15e-6,0.87,-0.000336811584616764,-0.000369564412426236,0},",,,,,,,,,,
1.1750000000000002e-6,0.87,-0.000307182,-0.000339934,0,,,,,"{1.1750000000000002e-6,0.87,-0.000307181512333305,-0.000339934340142778,0},",,,,,,,,,,
1.2000000000000002e-6,0.87,-0.000280272,-0.000313025,0,,,,,"{1.2000000000000002e-6,0.87,-0.000280271756094773,-0.000313024583904246,0},",,,,,,,,,,
1.2250000000000001e-6,0.87,-0.000255437,-0.000288189,0,,,,,"{1.2250000000000001e-6,0.87,-0.000255436603964697,-0.00028818943177417,0},",,,,,,,,,,
1.25e-6,0.87,-0.000232078,-0.000264831,0,,,,,"{1.25e-6,0.87,-0.000232078313252694,-0.000264831141062166,0},",,,,,,,,,,
1.275e-6,0.87,-0.000209479,-0.000242232,0,,,,,"{1.275e-6,0.87,-0.000209479386384175,-0.000242232214193648,0},",,,,,,,,,,
1.3e-6,0.87,-0.000187661,-0.000220414,0,,,,,"{1.3e-6,0.87,-0.000187660728039788,-0.000220413555849261,0},",,,,,,,,,,
1.325e-6,0.87,-0.000168031,-0.000200784,0,,,,,"{1.325e-6,0.87,-0.000168031083796751,-0.000200783911606224,0},",,,,,,,,,,
1.35e-6,0.87,-0.000151868,-0.000184621,0,,,,,"{1.35e-6,0.87,-0.000151868307212188,-0.000184621135021661,0},",,,,,,,,,,
1.375e-6,0.87,-0.000138492,-0.000171245,0,,,,,"{1.375e-6,0.87,-0.00013849216398229,-0.000171244991791763,0},",,,,,,,,,,
1.4e-6,0.87,-0.000126883,-0.000159636,0,,,,,"{1.4e-6,0.87,-0.000126882763531787,-0.00015963559134126,0},",,,,,,,,,,
1.4250000000000001e-6,0.87,-0.000116677,-0.00014943,0,,,,,"{1.4250000000000001e-6,0.87,-0.000116677346695897,-0.00014943017450537,0},",,,,,,,,,,
1.45e-6,0.87,-0.000107483,-0.000140236,0,,,,,"{1.45e-6,0.87,-0.000107483423065326,-0.000140236250874799,0},",,,,,,,,,,
1.4750000000000003e-6,0.87,-9.91416E-05,-0.000131894,0,,,,,"{1.4750000000000003e-6,0.87,-9.91416167412209E-05,-0.000131894444550693,0},",,,,,,,,,,
1.5e-6,0.87,-9.16186E-05,-0.000124371,0,,,,,"{1.5e-6,0.87,-9.16185687162463E-05,-0.000124371396525718,0},",,,,,,,,,,
2.5e-7,0.875,-0.182238652,-0.182281794,0,,,,,"{2.5e-7,0.875,-0.182238652001176,-0.182281793879185,0},",,,,,,,,,,
2.75e-7,0.875,-0.123063949,-0.123107091,0,,,,,"{2.75e-7,0.875,-0.123063949496935,-0.123107091374945,0},",,,,,,,,,,
3.e-7,0.875,-0.086061631,-0.086104772,0,,,,,"{3.e-7,0.875,-0.0860616305530471,-0.0861047724310569,0},",,,,,,,,,,
3.25e-7,0.875,-0.061971021,-0.062014163,0,,,,,"{3.25e-7,0.875,-0.0619710210657534,-0.0620141629437632,0},",,,,,,,,,,
3.5e-7,0.875,-0.04574425,-0.045787391,0,,,,,"{3.5e-7,0.875,-0.0457442496082504,-0.0457873914862602,0},",,,,,,,,,,
3.75e-7,0.875,-0.034491502,-0.034534644,0,,,,,"{3.75e-7,0.875,-0.0344915020625934,-0.0345346439406031,0},",,,,,,,,,,
4.e-7,0.875,-0.026487296,-0.026530438,0,,,,,"{4.e-7,0.875,-0.0264872957490861,-0.0265304376270959,0},",,,,,,,,,,
4.25e-7,0.875,-0.020663437,-0.020706579,0,,,,,"{4.25e-7,0.875,-0.0206634367643317,-0.0207065786423414,0},",,,,,,,,,,
4.5000000000000003e-7,0.875,-0.016344268,-0.01638741,0,,,,,"{4.5000000000000003e-7,0.875,-0.0163442684990993,-0.0163874103771091,0},",,,,,,,,,,
4.75e-7,0.875,-0.013095392,-0.013138533,0,,,,,"{4.75e-7,0.875,-0.0130953915081019,-0.0131385333861117,0},",,,,,,,,,,
5.000000000000001e-7,0.875,-0.010617034,-0.010660176,0,,,,,"{5.000000000000001e-7,0.875,-0.0106170337173453,-0.0106601755953551,0},",,,,,,,,,,
5.250000000000001e-7,0.875,-0.008698938,-0.008742079,0,,,,,"{5.250000000000001e-7,0.875,-0.00869893760588439,-0.00874207948389414,0},",,,,,,,,,,
5.5e-7,0.875,-0.007195059,-0.007238201,0,,,,,"{5.5e-7,0.875,-0.00719505892726312,-0.00723820080527287,0},",,,,,,,,,,
5.75e-7,0.875,-0.006002262,-0.006045403,0,,,,,"{5.75e-7,0.875,-0.00600226162046398,-0.00604540349847373,0},",,,,,,,,,,
6.e-7,0.875,-0.005046306,-0.005089448,0,,,,,"{6.e-7,0.875,-0.00504630568327741,-0.00508944756128715,0},",,,,,,,,,,
6.25e-7,0.875,-0.00427287,-0.004316012,0,,,,,"{6.25e-7,0.875,-0.00427287034466906,-0.0043160122226788,0},",,,,,,,,,,
6.5e-7,0.875,-0.003641639,-0.003684781,0,,,,,"{6.5e-7,0.875,-0.00364163940438061,-0.00368478128239035,0},",,,,,,,,,,
6.750000000000001e-7,0.875,-0.003122304,-0.003165446,0,,,,,"{6.750000000000001e-7,0.875,-0.00312230430434685,-0.0031654461823566,0},",,,,,,,,,,
7.000000000000001e-7,0.875,-0.002691806,-0.002734948,0,,,,,"{7.000000000000001e-7,0.875,-0.00269180640970961,-0.00273494828771936,0},",,,,,,,,,,
7.25e-7,0.875,-0.002332397,-0.002375539,0,,,,,"{7.25e-7,0.875,-0.00233239673678371,-0.00237553861479346,0},",,,,,,,,,,
7.5e-7,0.875,-0.002030238,-0.00207338,0,,,,,"{7.5e-7,0.875,-0.00203023804995717,-0.00207337992796692,0},",,,,,,,,,,
7.75e-7,0.875,-0.001774356,-0.001817498,0,,,,,"{7.75e-7,0.875,-0.0017743564629862,-0.00181749834099594,0},",,,,,,,,,,
8.e-7,0.875,-0.001555798,-0.00159894,0,,,,,"{8.e-7,0.875,-0.00155579800049044,-0.00159893987850018,0},",,,,,,,,,,
8.249999999999999e-7,0.875,-0.001366941,-0.001410083,0,,,,,"{8.249999999999999e-7,0.875,-0.00136694086130428,-0.00141008273931403,0},",,,,,,,,,,
8.500000000000001e-7,0.875,-0.00120137,-0.001244512,0,,,,,"{8.500000000000001e-7,0.875,-0.00120136987330731,-0.00124451175131706,0},",,,,,,,,,,
8.750000000000001e-7,0.875,-0.001055734,-0.001098875,0,,,,,"{8.750000000000001e-7,0.875,-0.00105573350215304,-0.00109887538016278,0},",,,,,,,,,,
9.000000000000001e-7,0.875,-0.000931201,-0.000974342,0,,,,,"{9.000000000000001e-7,0.875,-0.000931200580348178,-0.000974342458357922,0},",,,,,,,,,,
9.25e-7,0.875,-0.000826565,-0.000869707,0,,,,,"{9.25e-7,0.875,-0.000826565282708324,-0.000869707160718068,0},",,,,,,,,,,
9.5e-7,0.875,-0.000737471,-0.000780613,0,,,,,"{9.5e-7,0.875,-0.000737471301593384,-0.000780613179603128,0},",,,,,,,,,,
9.75e-7,0.875,-0.000660546,-0.000703688,0,,,,,"{9.75e-7,0.875,-0.000660546099832978,-0.000703687977842722,0},",,,,,,,,,,
1.0000000000000002e-6,0.875,-0.000593537,-0.000636679,0,,,,,"{1.0000000000000002e-6,0.875,-0.00059353683250693,-0.000636678710516674,0},",,,,,,,,,,
1.025e-6,0.875,-0.000534798,-0.00057794,0,,,,,"{1.025e-6,0.875,-0.000534798434502368,-0.000577940312512112,0},",,,,,,,,,,
1.0500000000000001e-6,0.875,-0.000483057,-0.000526199,0,,,,,"{1.0500000000000001e-6,0.875,-0.00048305729521592,-0.000526199173225664,0},",,,,,,,,,,
1.075e-6,0.875,-0.000437301,-0.000480443,0,,,,,"{1.075e-6,0.875,-0.000437301272283679,-0.000480443150293423,0},",,,,,,,,,,
1.1e-6,0.875,-0.000396649,-0.000439791,0,,,,,"{1.1e-6,0.875,-0.000396648924182385,-0.000439790802192129,0},",,,,,,,,,,
1.125e-6,0.875,-0.000360389,-0.000403531,0,,,,,"{1.125e-6,0.875,-0.000360389447907173,-0.000403531325916917,0},",,,,,,,,,,
1.15e-6,0.875,-0.000327888,-0.00037103,0,,,,,"{1.15e-6,0.875,-0.000327888239077068,-0.000371030117086812,0},",,,,,,,,,,
1.1750000000000002e-6,0.875,-0.000298524,-0.000341666,0,,,,,"{1.1750000000000002e-6,0.875,-0.000298523828569785,-0.000341665706579529,0},",,,,,,,,,,
1.2000000000000002e-6,0.875,-0.000271758,-0.0003149,0,,,,,"{1.2000000000000002e-6,0.875,-0.000271758241267635,-0.000314900119277379,0},",,,,,,,,,,
1.2250000000000001e-6,0.875,-0.000246859,-0.000290001,0,,,,,"{1.2250000000000001e-6,0.875,-0.000246858631061345,-0.000290000509071089,0},",,,,,,,,,,
1.25e-6,0.875,-0.000223139,-0.000266281,0,,,,,"{1.25e-6,0.875,-0.000223139254108767,-0.000266281132118511,0},",,,,,,,,,,
1.275e-6,0.875,-0.000199743,-0.000242885,0,,,,,"{1.275e-6,0.875,-0.000199742970429854,-0.000242884848439598,0},",,,,,,,,,,
1.3e-6,0.875,-0.000176774,-0.000219916,0,,,,,"{1.3e-6,0.875,-0.000176773642538741,-0.000219915520548485,0},",,,,,,,,,,
1.325e-6,0.875,-0.000156153,-0.000199295,0,,,,,"{1.325e-6,0.875,-0.000156153396962233,-0.000199295274971977,0},",,,,,,,,,,
1.35e-6,0.875,-0.000139624,-0.000182766,0,,,,,"{1.35e-6,0.875,-0.000139623630798865,-0.000182765508808609,0},",,,,,,,,,,
1.375e-6,0.875,-0.000126339,-0.000169481,0,,,,,"{1.375e-6,0.875,-0.000126339247731941,-0.000169481125741685,0},",,,,,,,,,,
1.4e-6,0.875,-0.000115001,-0.000158143,0,,,,,"{1.4e-6,0.875,-0.000115001460044912,-0.000158143338054656,0},",,,,,,,,,,
1.4250000000000001e-6,0.875,-0.000105172,-0.000148314,0,,,,,"{1.4250000000000001e-6,0.875,-0.000105171715917361,-0.000148313593927105,0},",,,,,,,,,,
1.45e-6,0.875,-9.63677E-05,-0.00013951,0,,,,,"{1.45e-6,0.875,-9.63676524868147E-05,-0.000139509530496558,0},",,,,,,,,,,
1.4750000000000003e-6,0.875,-8.84099E-05,-0.000131552,0,,,,,"{1.4750000000000003e-6,0.875,-8.84099351919863E-05,-0.00013155181320173,0},",,,,,,,,,,
1.5e-6,0.875,-8.12817E-05,-0.000124424,0,,,,,"{1.5e-6,0.875,-0.000081281740909015,-0.000124423618918759,0},",,,,,,,,,,
2.5e-7,0.88,-0.182234098,-0.182290926,0,,,,,"{2.5e-7,0.88,-0.182234098379857,-0.182290926308651,0},",,,,,,,,,,
2.75e-7,0.88,-0.12305955,-0.123116378,0,,,,,"{2.75e-7,0.88,-0.123059550155979,-0.123116378084774,0},",,,,,,,,,,
3.e-7,0.88,-0.086057158,-0.086113986,0,,,,,"{3.e-7,0.88,-0.0860571577751818,-0.0861139857039764,0},",,,,,,,,,,
3.25e-7,0.88,-0.061966224,-0.062023052,0,,,,,"{3.25e-7,0.88,-0.0619662237366835,-0.0620230516654782,0},",,,,,,,,,,
3.5e-7,0.88,-0.04573877,-0.045795598,0,,,,,"{3.5e-7,0.88,-0.0457387701078503,-0.045795598036645,0},",,,,,,,,,,
3.75e-7,0.88,-0.034484716,-0.034541544,0,,,,,"{3.75e-7,0.88,-0.0344847158133612,-0.0345415437421559,0},",,,,,,,,,,
4.e-7,0.88,-0.026477983,-0.026534811,0,,,,,"{4.e-7,0.88,-0.0264779831976035,-0.0265348111263982,0},",,,,,,,,,,
4.25e-7,0.88,-0.020649597,-0.020706425,0,,,,,"{4.25e-7,0.88,-0.0206495967597398,-0.0207064246885345,0},",,,,,,,,,,
4.5000000000000003e-7,0.88,-0.016325199,-0.016382027,0,,,,,"{4.5000000000000003e-7,0.88,-0.0163251986991868,-0.0163820266279815,0},",,,,,,,,,,
4.75e-7,0.88,-0.013073928,-0.013130756,0,,,,,"{4.75e-7,0.88,-0.0130739282986649,-0.0131307562274596,0},",,,,,,,,,,
5.000000000000001e-7,0.88,-0.010595827,-0.010652655,0,,,,,"{5.000000000000001e-7,0.88,-0.0105958266309923,-0.010652654559787,0},",,,,,,,,,,
5.250000000000001e-7,0.88,-0.008679053,-0.008735881,0,,,,,"{5.250000000000001e-7,0.88,-0.00867905289073411,-0.00873588081952881,0},",,,,,,,,,,
5.5e-7,0.88,-0.00717678,-0.007233608,0,,,,,"{5.5e-7,0.88,-0.00717678033905368,-0.00723360826784837,0},",,,,,,,,,,
5.75e-7,0.88,-0.005985574,-0.006042402,0,,,,,"{5.75e-7,0.88,-0.00598557377226903,-0.00604240170106373,0},",,,,,,,,,,
6.e-7,0.88,-0.005031084,-0.005087912,0,,,,,"{6.e-7,0.88,-0.00503108385574411,-0.00508791178453881,0},",,,,,,,,,,
6.25e-7,0.88,-0.004258954,-0.004315782,0,,,,,"{6.25e-7,0.88,-0.00425895403822931,-0.004315781967024,0},",,,,,,,,,,
6.5e-7,0.88,-0.003628861,-0.003685689,0,,,,,"{6.5e-7,0.88,-0.0036288606988322,-0.0036856886276269,0},",,,,,,,,,,
6.750000000000001e-7,0.88,-0.003110497,-0.003167325,0,,,,,"{6.750000000000001e-7,0.88,-0.00311049700386595,-0.00316732493266065,0},",,,,,,,,,,
7.000000000000001e-7,0.88,-0.002680805,-0.002737633,0,,,,,"{7.000000000000001e-7,0.88,-0.00268080540771889,-0.00273763333651358,0},",,,,,,,,,,
7.25e-7,0.88,-0.00232203,-0.002378858,0,,,,,"{7.25e-7,0.88,-0.00232202985539344,-0.00237885778418814,0},",,,,,,,,,,
7.5e-7,0.88,-0.002020307,-0.002077135,0,,,,,"{7.5e-7,0.88,-0.00202030748384427,-0.00207713541263897,0},",,,,,,,,,,
7.75e-7,0.88,-0.0017646,-0.001821428,0,,,,,"{7.75e-7,0.88,-0.00176459994736647,-0.00182142787616117,0},",,,,,,,,,,
8.e-7,0.88,-0.00154581,-0.001602638,0,,,,,"{8.e-7,0.88,-0.0015458102456363,-0.001602638174431,0},",,,,,,,,,,
8.249999999999999e-7,0.88,-0.001356045,-0.001412873,0,,,,,"{8.249999999999999e-7,0.88,-0.00135604479590624,-0.00141287272470093,0},",,,,,,,,,,
8.500000000000001e-7,0.88,-0.001188573,-0.001245401,0,,,,,"{8.500000000000001e-7,0.88,-0.00118857309876849,-0.00124540102756319,0},",,,,,,,,,,
8.750000000000001e-7,0.88,-0.001040368,-0.001097196,0,,,,,"{8.750000000000001e-7,0.88,-0.00104036785171033,-0.00109719578050502,0},",,,,,,,,,,
9.000000000000001e-7,0.88,-0.000914096,-0.000970923,0,,,,,"{9.000000000000001e-7,0.88,-0.000914095563176211,-0.000970923491970906,0},",,,,,,,,,,
9.25e-7,0.88,-0.000809089,-0.000865917,0,,,,,"{9.25e-7,0.88,-0.000809088684780115,-0.000865916613574809,0},",,,,,,,,,,
9.5e-7,0.88,-0.000720365,-0.000777193,0,,,,,"{9.5e-7,0.88,-0.000720365263262583,-0.000777193192057278,0},",,,,,,,,,,
9.75e-7,0.88,-0.000644108,-0.000700936,0,,,,,"{9.75e-7,0.88,-0.000644107576101667,-0.000700935504896362,0},",,,,,,,,,,
1.0000000000000002e-6,0.88,-0.000577867,-0.000634695,0,,,,,"{1.0000000000000002e-6,0.88,-0.000577866763912526,-0.000634694692707221,0},",,,,,,,,,,
1.025e-6,0.88,-0.000519909,-0.000576737,0,,,,,"{1.025e-6,0.88,-0.000519908596298706,-0.000576736525093401,0},",,,,,,,,,,
1.0500000000000001e-6,0.88,-0.000468918,-0.000525746,0,,,,,"{1.0500000000000001e-6,0.88,-0.000468918078395243,-0.000525746007189938,0},",,,,,,,,,,
1.075e-6,0.88,-0.000423867,-0.000480695,0,,,,,"{1.075e-6,0.88,-0.000423867239329582,-0.000480695168124277,0},",,,,,,,,,,
1.1e-6,0.88,-0.000383853,-0.000440681,0,,,,,"{1.1e-6,0.88,-0.000383853024090439,-0.000440680952885133,0},",,,,,,,,,,
1.125e-6,0.88,-0.000348158,-0.000404986,0,,,,,"{1.125e-6,0.88,-0.000348158089487476,-0.000404986018282171,0},",,,,,,,,,,
1.15e-6,0.88,-0.000316133,-0.000372961,0,,,,,"{1.15e-6,0.88,-0.000316133004953173,-0.000372960933747868,0},",,,,,,,,,,
1.1750000000000002e-6,0.88,-0.000287119,-0.000343947,0,,,,,"{1.1750000000000002e-6,0.88,-0.000287118579920946,-0.000343946508715641,0},",,,,,,,,,,
1.2000000000000002e-6,0.88,-0.000260543,-0.000317371,0,,,,,"{1.2000000000000002e-6,0.88,-0.000260542939234157,-0.000317370868028852,0},",,,,,,,,,,
1.2250000000000001e-6,0.88,-0.000235558,-0.000292386,0,,,,,"{1.2250000000000001e-6,0.88,-0.000235558454137005,-0.0002923863829317,0},",,,,,,,,,,
1.25e-6,0.88,-0.000211363,-0.000268191,0,,,,,"{1.25e-6,0.88,-0.000211363455597266,-0.000268191384391961,0},",,,,,,,,,,
1.275e-6,0.88,-0.000186917,-0.000243745,0,,,,,"{1.275e-6,0.88,-0.000186916821646556,-0.000243744750441251,0},",,,,,,,,,,
1.3e-6,0.88,-0.000162432,-0.00021926,0,,,,,"{1.3e-6,0.88,-0.000162431642416727,-0.000219259571211422,0},",,,,,,,,,,
1.325e-6,0.88,-0.000140506,-0.000197334,0,,,,,"{1.325e-6,0.88,-0.000140506343630388,-0.000197334272425083,0},",,,,,,,,,,
1.35e-6,0.88,-0.000123493,-0.000180321,0,,,,,"{1.35e-6,0.88,-0.000123493053999774,-0.000180320982794469,0},",,,,,,,,,,
1.375e-6,0.88,-0.00011033,-0.000167157,0,,,,,"{1.375e-6,0.88,-0.000110329522789152,-0.000167157451583847,0},",,,,,,,,,,
1.4e-6,0.88,-9.93495E-05,-0.000156177,0,,,,,"{1.4e-6,0.88,-9.93495292033031E-05,-0.000156177457997998,0},",,,,,,,,,,
1.4250000000000001e-6,0.88,-9.00147E-05,-0.000146843,0,,,,,"{1.4250000000000001e-6,0.88,-9.00146739309085E-05,-0.000146842602725603,0},",,,,,,,,,,
1.45e-6,0.88,-8.17242E-05,-0.000138552,0,,,,,"{1.45e-6,0.88,-8.17241945227946E-05,-0.000138552123317489,0},",,,,,,,,,,
1.4750000000000003e-6,0.88,-7.42725E-05,-0.0001311,0,,,,,"{1.4750000000000003e-6,0.88,-7.42724563399467E-05,-0.000131100385134641,0},",,,,,,,,,,
1.5e-6,0.88,-6.76644E-05,-0.000124492,0,,,,,"{1.5e-6,0.88,-0.000067664429448152,-0.000124492358242846,0},",,,,,,,,,,
2.5e-7,0.885,-0.182228099,-0.182302958,0,,,,,"{2.5e-7,0.885,-0.182228099238575,-0.182302957739773,0},",,,,,,,,,,
2.75e-7,0.885,-0.123053754,-0.123128613,0,,,,,"{2.75e-7,0.885,-0.12305375427876,-0.123128612779957,0},",,,,,,,,,,
3.e-7,0.885,-0.086051265,-0.086126124,0,,,,,"{3.e-7,0.885,-0.0860512651592447,-0.086126123660442,0},",,,,,,,,,,
3.25e-7,0.885,-0.061959904,-0.062034762,0,,,,,"{3.25e-7,0.885,-0.0619599035583089,-0.0620347620595062,0},",,,,,,,,,,
3.5e-7,0.885,-0.045731551,-0.04580641,0,,,,,"{3.5e-7,0.885,-0.0457315512348148,-0.0458064097360122,0},",,,,,,,,,,
3.75e-7,0.885,-0.034475775,-0.034550634,0,,,,,"{3.75e-7,0.885,-0.0344757754285148,-0.0345506339297122,0},",,,,,,,,,,
4.e-7,0.885,-0.026465715,-0.026540573,0,,,,,"{4.e-7,0.885,-0.0264657146659301,-0.0265405731671274,0},",,,,,,,,,,
4.25e-7,0.885,-0.020631364,-0.020706222,0,,,,,"{4.25e-7,0.885,-0.0206313636950383,-0.0207062221962356,0},",,,,,,,,,,
4.5000000000000003e-7,0.885,-0.016300076,-0.016374934,0,,,,,"{4.5000000000000003e-7,0.885,-0.0163000755831986,-0.0163749340843959,0},",,,,,,,,,,
4.75e-7,0.885,-0.013045652,-0.01312051,0,,,,,"{4.75e-7,0.885,-0.0130456517998924,-0.0131205103010897,0},",,,,,,,,,,
5.000000000000001e-7,0.885,-0.010567887,-0.010642746,0,,,,,"{5.000000000000001e-7,0.885,-0.0105678874550062,-0.0106427459562035,0},",,,,,,,,,,
5.250000000000001e-7,0.885,-0.008652856,-0.008727714,0,,,,,"{5.250000000000001e-7,0.885,-0.00865285582412039,-0.00872771432531775,0},",,,,,,,,,,
5.5e-7,0.885,-0.007152699,-0.007227558,0,,,,,"{5.5e-7,0.885,-0.00715269924174513,-0.00722755774294249,0},",,,,,,,,,,
5.75e-7,0.885,-0.005963588,-0.006038447,0,,,,,"{5.75e-7,0.885,-0.0059635883847036,-0.00603844688590096,0},",,,,,,,,,,
6.e-7,0.885,-0.00501103,-0.005085888,0,,,,,"{6.e-7,0.885,-0.00501102987253329,-0.00508588837373065,0},",,,,,,,,,,
6.25e-7,0.885,-0.00424062,-0.004315479,0,,,,,"{6.25e-7,0.885,-0.00424062001282028,-0.00431547851401764,0},",,,,,,,,,,
6.5e-7,0.885,-0.003612025,-0.003686884,0,,,,,"{6.5e-7,0.885,-0.00361202540732817,-0.00368688390852553,0},",,,,,,,,,,
6.750000000000001e-7,0.885,-0.003094941,-0.0031698,0,,,,,"{6.750000000000001e-7,0.885,-0.0030949414939754,-0.00316979999517276,0},",,,,,,,,,,
7.000000000000001e-7,0.885,-0.002666312,-0.002741171,0,,,,,"{7.000000000000001e-7,0.885,-0.00266631216275616,-0.00274117066395352,0},",,,,,,,,,,
7.25e-7,0.885,-0.002308372,-0.002383231,0,,,,,"{7.25e-7,0.885,-0.00230837204426388,-0.00238323054546124,0},",,,,,,,,,,
7.5e-7,0.885,-0.002007225,-0.002082083,0,,,,,"{7.5e-7,0.885,-0.00200722451651492,-0.00208208301771228,0},",,,,,,,,,,
7.75e-7,0.885,-0.001751746,-0.001826605,0,,,,,"{7.75e-7,0.885,-0.001751746320336,-0.00182660482153336,0},",,,,,,,,,,
8.e-7,0.885,-0.001532652,-0.001607511,0,,,,,"{8.e-7,0.885,-0.00153265204364514,-0.0016075105448425,0},",,,,,,,,,,
8.249999999999999e-7,0.885,-0.00134169,-0.001416549,0,,,,,"{8.249999999999999e-7,0.885,-0.0013416900609498,-0.00141654856214716,0},",,,,,,,,,,
8.500000000000001e-7,0.885,-0.001171714,-0.001246573,0,,,,,"{8.500000000000001e-7,0.885,-0.00117171439956459,-0.00124657290076195,0},",,,,,,,,,,
8.750000000000001e-7,0.885,-0.001020125,-0.001094983,0,,,,,"{8.750000000000001e-7,0.885,-0.00102012475544839,-0.00109498325664576,0},",,,,,,,,,,
9.000000000000001e-7,0.885,-0.000891561,-0.000966419,0,,,,,"{9.000000000000001e-7,0.885,-0.000891560777246278,-0.000966419278443641,0},",,,,,,,,,,
9.25e-7,0.885,-0.000786064,-0.000860923,0,,,,,"{9.25e-7,0.885,-0.000786064251396235,-0.000860922752593598,0},",,,,,,,,,,
9.5e-7,0.885,-0.000697829,-0.000772687,0,,,,,"{9.5e-7,0.885,-0.000697828971871125,-0.000772687473068488,0},",,,,,,,,,,
9.75e-7,0.885,-0.000622451,-0.000697309,0,,,,,"{9.75e-7,0.885,-0.000622450677027321,-0.000697309178224684,0},",,,,,,,,,,
1.0000000000000002e-6,0.885,-0.000557222,-0.000632081,0,,,,,"{1.0000000000000002e-6,0.885,-0.000557222253952612,-0.000632080755149975,0},",,,,,,,,,,
1.025e-6,0.885,-0.000500292,-0.00057515,0,,,,,"{1.025e-6,0.885,-0.000500291994623184,-0.000575150495820547,0},",,,,,,,,,,
1.0500000000000001e-6,0.885,-0.00045029,-0.000525149,0,,,,,"{1.0500000000000001e-6,0.885,-0.000450290380621619,-0.000525148881818982,0},",,,,,,,,,,
1.075e-6,0.885,-0.000406169,-0.000481027,0,,,,,"{1.075e-6,0.885,-0.000406168587802937,-0.0004810270890003,0},",,,,,,,,,,
1.1e-6,0.885,-0.000366995,-0.000441854,0,,,,,"{1.1e-6,0.885,-0.000366995083495051,-0.000441853584692414,0},",,,,,,,,,,
1.125e-6,0.885,-0.000332044,-0.000406902,0,,,,,"{1.125e-6,0.885,-0.000332043912512354,-0.000406902413709717,0},",,,,,,,,,,
1.15e-6,0.885,-0.000300646,-0.000375505,0,,,,,"{1.15e-6,0.885,-0.000300646111035487,-0.00037550461223285,0},",,,,,,,,,,
1.1750000000000002e-6,0.885,-0.000272093,-0.000346951,0,,,,,"{1.1750000000000002e-6,0.885,-0.000272092797498049,-0.000346951298695412,0},",,,,,,,,,,
1.2000000000000002e-6,0.885,-0.000245767,-0.000320626,0,,,,,"{1.2000000000000002e-6,0.885,-0.000245767444067516,-0.000320625945264879,0},",,,,,,,,,,
1.2250000000000001e-6,0.885,-0.000220671,-0.00029553,0,,,,,"{1.2250000000000001e-6,0.885,-0.000220671209246207,-0.00029552971044357,0},",,,,,,,,,,
1.25e-6,0.885,-0.00019585,-0.000270708,0,,,,,"{1.25e-6,0.885,-0.000195849705286997,-0.00027070820648436,0},",,,,,,,,,,
1.275e-6,0.885,-0.000170019,-0.000244878,0,,,,,"{1.275e-6,0.885,-0.000170019383771315,-0.000244877884968678,0},",,,,,,,,,,
1.3e-6,0.885,-0.000143537,-0.000218396,0,,,,,"{1.3e-6,0.885,-0.000143537136617968,-0.000218395637815331,0},",,,,,,,,,,
1.325e-6,0.885,-0.000119892,-0.000194751,0,,,,,"{1.325e-6,0.885,-0.00011989236561936,-0.000194750866816723,0},",,,,,,,,,,
1.35e-6,0.885,-0.000102242,-0.0001771,0,,,,,"{1.35e-6,0.885,-0.000102241943193916,-0.000177100444391279,0},",,,,,,,,,,
1.375e-6,0.885,-8.92376E-05,-0.000164096,0,,,,,"{1.375e-6,0.885,-8.92375774189637E-05,-0.000164096078616326,0},",,,,,,,,,,
1.4e-6,0.885,-7.87289E-05,-0.000153587,0,,,,,"{1.4e-6,0.885,-7.87289290623831E-05,-0.000153587430259746,0},",,,,,,,,,,
1.4250000000000001e-6,0.885,-7.00461E-05,-0.000144905,0,,,,,"{1.4250000000000001e-6,0.885,-7.00460524911369E-05,-0.0001449045536885,0},",,,,,,,,,,
1.45e-6,0.885,-6.24322E-05,-0.000137291,0,,,,,"{1.45e-6,0.885,-6.24321906480662E-05,-0.000137290691845429,0},",,,,,,,,,,
1.4750000000000003e-6,0.885,-5.5647E-05,-0.000130506,0,,,,,"{1.4750000000000003e-6,0.885,-5.56470471175838E-05,-0.000130505548314946,0},",,,,,,,,,,
1.5e-6,0.885,-4.97243E-05,-0.000124583,0,,,,,"{1.5e-6,0.885,-4.97243198599359E-05,-0.000124582821057299,0},",,,,,,,,,,
2.5e-7,0.89,-0.182220195,-0.18231881,0,,,,,"{2.5e-7,0.89,-0.182220195003856,-0.182318809826007,0},",,,,,,,,,,
2.75e-7,0.89,-0.123046118,-0.123144733,0,,,,,"{2.75e-7,0.89,-0.123046117871278,-0.12314473269343,0},",,,,,,,,,,
3.e-7,0.89,-0.086043501,-0.086142116,0,,,,,"{3.e-7,0.89,-0.0860435013104807,-0.086142116132632,0},",,,,,,,,,,
3.25e-7,0.89,-0.061951576,-0.062050191,0,,,,,"{3.25e-7,0.89,-0.0619515763970431,-0.0620501912191944,0},",,,,,,,,,,
3.5e-7,0.89,-0.04572204,-0.045820655,0,,,,,"{3.5e-7,0.89,-0.0457220400369085,-0.0458206548590598,0},",,,,,,,,,,
3.75e-7,0.89,-0.034463996,-0.034562611,0,,,,,"{3.75e-7,0.89,-0.034463996132079,-0.0345626109542303,0},",,,,,,,,,,
4.e-7,0.89,-0.026449551,-0.026548165,0,,,,,"{4.e-7,0.89,-0.0264495505326032,-0.0265481653547544,0},",,,,,,,,,,
4.25e-7,0.89,-0.020607341,-0.020705956,0,,,,,"{4.25e-7,0.89,-0.0206073411565125,-0.0207059559786638,0},",,,,,,,,,,
4.5000000000000003e-7,0.89,-0.016266975,-0.01636559,0,,,,,"{4.5000000000000003e-7,0.89,-0.0162669748278988,-0.0163655896500501,0},",,,,,,,,,,
4.75e-7,0.89,-0.013008396,-0.013107011,0,,,,,"{4.75e-7,0.89,-0.0130083959237811,-0.0131070107459324,0},",,,,,,,,,,
5.000000000000001e-7,0.89,-0.010531076,-0.010629691,0,,,,,"{5.000000000000001e-7,0.89,-0.0105310758399139,-0.0106296906620652,0},",,,,,,,,,,
5.250000000000001e-7,0.89,-0.008618339,-0.008716954,0,,,,,"{5.250000000000001e-7,0.89,-0.00861833947380121,-0.00871695429595248,0},",,,,,,,,,,
5.5e-7,0.89,-0.007120971,-0.007219586,0,,,,,"{5.5e-7,0.89,-0.00712097078742736,-0.00721958560957863,0},",,,,,,,,,,
5.75e-7,0.89,-0.005934621,-0.006033236,0,,,,,"{5.75e-7,0.89,-0.00593462115375126,-0.00603323597590253,0},",,,,,,,,,,
6.e-7,0.89,-0.004984607,-0.005083222,0,,,,,"{6.e-7,0.89,-0.00498460739190915,-0.00508322221406042,0},",,,,,,,,,,
6.25e-7,0.89,-0.004216464,-0.004315079,0,,,,,"{6.25e-7,0.89,-0.00421646369338287,-0.00431507851553414,0},",,,,,,,,,,
6.5e-7,0.89,-0.003589844,-0.003688459,0,,,,,"{6.5e-7,0.89,-0.00358984377582467,-0.00368845859797594,0},",,,,,,,,,,
6.750000000000001e-7,0.89,-0.003074446,-0.003173061,0,,,,,"{6.750000000000001e-7,0.89,-0.0030744460698422,-0.00317306089199348,0},",,,,,,,,,,
7.000000000000001e-7,0.89,-0.002647216,-0.002745831,0,,,,,"{7.000000000000001e-7,0.89,-0.00264721635794239,-0.00274583118009366,0},",,,,,,,,,,
7.25e-7,0.89,-0.002290377,-0.002388992,0,,,,,"{7.25e-7,0.89,-0.00229037700127906,-0.00238899182343033,0},",,,,,,,,,,
7.5e-7,0.89,-0.001989987,-0.002088602,0,,,,,"{7.5e-7,0.89,-0.00198998690495244,-0.00208860172710372,0},",,,,,,,,,,
7.75e-7,0.89,-0.001734811,-0.001833426,0,,,,,"{7.75e-7,0.89,-0.00173481094545725,-0.00183342576760853,0},",,,,,,,,,,
8.e-7,0.89,-0.001515315,-0.00161393,0,,,,,"{8.e-7,0.89,-0.00151531549380138,-0.00161393031595266,0},",,,,,,,,,,
8.249999999999999e-7,0.89,-0.001322777,-0.001421392,0,,,,,"{8.249999999999999e-7,0.89,-0.00132277720611992,-0.00142139202827119,0},",,,,,,,,,,
8.500000000000001e-7,0.89,-0.001149503,-0.001248117,0,,,,,"{8.500000000000001e-7,0.89,-0.00114950261638813,-0.0012481174385394,0},",,,,,,,,,,
8.750000000000001e-7,0.89,-0.000993454,-0.001092069,0,,,,,"{8.750000000000001e-7,0.89,-0.000993453741420697,-0.00109206856357197,0},",,,,,,,,,,
9.000000000000001e-7,0.89,-0.00086187,-0.000960485,0,,,,,"{9.000000000000001e-7,0.89,-0.000861870024847275,-0.00096048484699855,0},",,,,,,,,,,
9.25e-7,0.89,-0.000755728,-0.000854343,0,,,,,"{9.25e-7,0.89,-0.000755728166613879,-0.000854342988765153,0},",,,,,,,,,,
9.5e-7,0.89,-0.000668136,-0.000766751,0,,,,,"{9.5e-7,0.89,-0.000668135957954415,-0.000766750780105689,0},",,,,,,,,,,
9.75e-7,0.89,-0.000593916,-0.000692531,0,,,,,"{9.75e-7,0.89,-0.0005939162800181,-0.000692531102169374,0},",,,,,,,,,,
1.0000000000000002e-6,0.89,-0.000530022,-0.000628637,0,,,,,"{1.0000000000000002e-6,0.89,-0.000530021728312059,-0.000628636550463334,0},",,,,,,,,,,
1.025e-6,0.89,-0.000474446,-0.000573061,0,,,,,"{1.025e-6,0.89,-0.000474445798101177,-0.000573060620252451,0},",,,,,,,,,,
1.0500000000000001e-6,0.89,-0.000425747,-0.000524362,0,,,,,"{1.0500000000000001e-6,0.89,-0.000425747129209829,-0.000524361951361104,0},",,,,,,,,,,
1.075e-6,0.89,-0.000382849,-0.000481464,0,,,,,"{1.075e-6,0.89,-0.000382849421863433,-0.000481464244014708,0},",,,,,,,,,,
1.1e-6,0.89,-0.000344784,-0.000443398,0,,,,,"{1.1e-6,0.89,-0.000344783616952609,-0.000443398439103883,0},",,,,,,,,,,
1.125e-6,0.89,-0.000310812,-0.000409427,0,,,,,"{1.125e-6,0.89,-0.000310812419985534,-0.000409427242136809,0},",,,,,,,,,,
1.15e-6,0.89,-0.000280241,-0.000378856,0,,,,,"{1.15e-6,0.89,-0.000280241129880315,-0.00037885595203159,0},",,,,,,,,,,
1.1750000000000002e-6,0.89,-0.000252295,-0.00035091,0,,,,,"{1.1750000000000002e-6,0.89,-0.000252295402639941,-0.000350910224791216,0},",,,,,,,,,,
1.2000000000000002e-6,0.89,-0.0002263,-0.000324915,0,,,,,"{1.2000000000000002e-6,0.89,-0.000226299892953261,-0.000324914715104536,0},",,,,,,,,,,
1.2250000000000001e-6,0.89,-0.000201057,-0.000299671,0,,,,,"{1.2250000000000001e-6,0.89,-0.000201056539412621,-0.000299671361563896,0},",,,,,,,,,,
1.25e-6,0.89,-0.00017541,-0.000274025,0,,,,,"{1.25e-6,0.89,-0.000175409748873321,-0.000274024571024595,0},",,,,,,,,,,
1.275e-6,0.89,-0.000147756,-0.000246371,0,,,,,"{1.275e-6,0.89,-0.000147756491040405,-0.000246371313191679,0},",,,,,,,,,,
1.3e-6,0.89,-0.000118643,-0.000217258,0,,,,,"{1.3e-6,0.89,-0.000118642952767373,-0.000217257774918647,0},",,,,,,,,,,
1.325e-6,0.89,-9.27324E-05,-0.000191347,0,,,,,"{1.325e-6,0.89,-0.000092732433309187,-0.000191347255460461,0},",,,,,,,,,,
1.35e-6,0.89,-7.42423E-05,-0.000172857,0,,,,,"{1.35e-6,0.89,-7.42423452640458E-05,-0.00017285716741532,0},",,,,,,,,,,
1.375e-6,0.89,-6.14476E-05,-0.000160062,0,,,,,"{1.375e-6,0.89,-6.14476026572728E-05,-0.000160062424808547,0},",,,,,,,,,,
1.4e-6,0.89,-5.15599E-05,-0.000150175,0,,,,,"{1.4e-6,0.89,-0.000051559930968943,-0.000150174753120217,0},",,,,,,,,,,
1.4250000000000001e-6,0.89,-4.37361E-05,-0.000142351,0,,,,,"{1.4250000000000001e-6,0.89,-4.37360593278845E-05,-0.000142350881479159,0},",,,,,,,,,,
1.45e-6,0.89,-3.70137E-05,-0.000135629,0,,,,,"{1.45e-6,0.89,-3.70136812959395E-05,-0.000135628503447214,0},",,,,,,,,,,
1.4750000000000003e-6,0.89,-3.11068E-05,-0.000129722,0,,,,,"{1.4750000000000003e-6,0.89,-3.11068090584313E-05,-0.000129721631209705,0},",,,,,,,,,,
1.5e-6,0.89,-2.6087E-05,-0.000124702,0,,,,,"{1.5e-6,0.89,-2.60870201241475E-05,-0.000124701842275422,0},",,,,,,,,,,
2.5e-7,0.895,-0.182209779,-0.182339698,0,,,,,"{2.5e-7,0.895,-0.182209779473389,-0.182339698259972,0},",,,,,,,,,,
2.75e-7,0.895,-0.123036055,-0.123165974,0,,,,,"{2.75e-7,0.895,-0.1230360552859,-0.123165974072483,0},",,,,,,,,,,
3.e-7,0.895,-0.086033271,-0.08616319,0,,,,,"{3.e-7,0.895,-0.0860332708248248,-0.0861631896114074,0},",,,,,,,,,,
3.25e-7,0.895,-0.061940604,-0.062070522,0,,,,,"{3.25e-7,0.895,-0.0619406036729717,-0.0620705224595543,0},",,,,,,,,,,
3.5e-7,0.895,-0.045709507,-0.045839426,0,,,,,"{3.5e-7,0.895,-0.0457095071737732,-0.0458394259603559,0},",,,,,,,,,,
3.75e-7,0.895,-0.034448475,-0.034578394,0,,,,,"{3.75e-7,0.895,-0.0344484747316723,-0.0345783935182549,0},",,,,,,,,,,
4.e-7,0.895,-0.026428252,-0.02655817,0,,,,,"{4.e-7,0.895,-0.0264282515124301,-0.0265581702990128,0},",,,,,,,,,,
4.25e-7,0.895,-0.020575687,-0.020705606,0,,,,,"{4.25e-7,0.895,-0.0205756873972414,-0.020705606183824,0},",,,,,,,,,,
4.5000000000000003e-7,0.895,-0.016223358,-0.016353277,0,,,,,"{4.5000000000000003e-7,0.895,-0.016223358297247,-0.0163532770838296,0},",,,,,,,,,,
4.75e-7,0.895,-0.012959304,-0.013089222,0,,,,,"{4.75e-7,0.895,-0.0129593035254857,-0.0130892223120683,0},",,,,,,,,,,
5.000000000000001e-7,0.895,-0.010482569,-0.010612487,0,,,,,"{5.000000000000001e-7,0.895,-0.0104825685345666,-0.0106124873211492,0},",,,,,,,,,,
5.250000000000001e-7,0.895,-0.008572857,-0.008702775,0,,,,,"{5.250000000000001e-7,0.895,-0.00857285655117038,-0.008702775337753,0},",,,,,,,,,,
5.5e-7,0.895,-0.007079161,-0.00720908,0,,,,,"{5.5e-7,0.895,-0.00707916147843865,-0.00720908026502127,0},",,,,,,,,,,
5.75e-7,0.895,-0.00589645,-0.006026369,0,,,,,"{5.75e-7,0.895,-0.00589645034718423,-0.00602636913376685,0},",,,,,,,,,,
6.e-7,0.895,-0.00494979,-0.005079709,0,,,,,"{6.e-7,0.895,-0.00494978985415879,-0.00507970864074142,0},",,,,,,,,,,
6.25e-7,0.895,-0.004184632,-0.004314551,0,,,,,"{6.25e-7,0.895,-0.00418463233127195,-0.00431455111785457,0},",,,,,,,,,,
6.5e-7,0.895,-0.003560615,-0.003690533,0,,,,,"{6.5e-7,0.895,-0.00356061451535001,-0.00369053330193264,0},",,,,,,,,,,
6.750000000000001e-7,0.895,-0.003047439,-0.003177358,0,,,,,"{6.750000000000001e-7,0.895,-0.00304743878001014,-0.00317735756659277,0},",,,,,,,,,,
7.000000000000001e-7,0.895,-0.002622053,-0.002751972,0,,,,,"{7.000000000000001e-7,0.895,-0.00262205340331294,-0.00275197218989556,0},",,,,,,,,,,
7.25e-7,0.895,-0.002266665,-0.002396583,0,,,,,"{7.25e-7,0.895,-0.00226666458375401,-0.00239658337033663,0},",,,,,,,,,,
7.5e-7,0.895,-0.001967273,-0.002097191,0,,,,,"{7.5e-7,0.895,-0.00196727263515621,-0.00209719142173884,0},",,,,,,,,,,
7.75e-7,0.895,-0.001712495,-0.001842414,0,,,,,"{7.75e-7,0.895,-0.00171249505358016,-0.00184241384016279,0},",,,,,,,,,,
8.e-7,0.895,-0.001492471,-0.00162239,0,,,,,"{8.e-7,0.895,-0.00149247117783891,-0.00162238996442153,0},",,,,,,,,,,
8.249999999999999e-7,0.895,-0.001297856,-0.001427775,0,,,,,"{8.249999999999999e-7,0.895,-0.00129785611663656,-0.00142777490321918,0},",,,,,,,,,,
8.500000000000001e-7,0.895,-0.001120235,-0.001250154,0,,,,,"{8.500000000000001e-7,0.895,-0.00112023482142595,-0.00125015360800857,0},",,,,,,,,,,
8.750000000000001e-7,0.895,-0.00095831,-0.001088229,0,,,,,"{8.750000000000001e-7,0.895,-0.000958309809150954,-0.00108822859573357,0},",,,,,,,,,,
9.000000000000001e-7,0.895,-0.000822746,-0.000952665,0,,,,,"{9.000000000000001e-7,0.895,-0.000822746421042798,-0.000952665207625423,0},",,,,,,,,,,
9.25e-7,0.895,-0.000715754,-0.000845673,0,,,,,"{9.25e-7,0.895,-0.000715753865179062,-0.000845672651761687,0},",,,,,,,,,,
9.5e-7,0.895,-0.000629009,-0.000758928,0,,,,,"{9.5e-7,0.895,-0.000629008891483612,-0.000758927678066237,0},",,,,,,,,,,
9.75e-7,0.895,-0.000556316,-0.000686235,0,,,,,"{9.75e-7,0.895,-0.000556315877956455,-0.00068623466453908,0},",,,,,,,,,,
1.0000000000000002e-6,0.895,-0.000494179,-0.000624098,0,,,,,"{1.0000000000000002e-6,0.895,-0.000494178966177051,-0.000624097752759677,0},",,,,,,,,,,
1.025e-6,0.895,-0.000440388,-0.000570306,0,,,,,"{1.025e-6,0.895,-0.000440387651257081,-0.000570306437839706,0},",,,,,,,,,,
1.0500000000000001e-6,0.895,-0.000393406,-0.000523325,0,,,,,"{1.0500000000000001e-6,0.895,-0.000393405899705301,-0.000523324686287926,0},",,,,,,,,,,
1.075e-6,0.895,-0.000352121,-0.00048204,0,,,,,"{1.075e-6,0.895,-0.000352121206393975,-0.0004820399929766,0},",,,,,,,,,,
1.1e-6,0.895,-0.000315515,-0.000445434,0,,,,,"{1.1e-6,0.895,-0.000315515053710912,-0.000445433840293537,0},",,,,,,,,,,
1.125e-6,0.895,-0.000282835,-0.000412754,0,,,,,"{1.125e-6,0.895,-0.000282835218252746,-0.000412754004835371,0},",,,,,,,,,,
1.15e-6,0.895,-0.000253353,-0.000383272,0,,,,,"{1.15e-6,0.895,-0.000253353082791521,-0.000383271869374146,0},",,,,,,,,,,
1.1750000000000002e-6,0.895,-0.000226208,-0.000356127,0,,,,,"{1.1750000000000002e-6,0.895,-0.000226208057239542,-0.000356126843822167,0},",,,,,,,,,,
1.2000000000000002e-6,0.895,-0.000200647,-0.000330566,0,,,,,"{1.2000000000000002e-6,0.895,-0.000200647317885558,-0.000330566104468184,0},",,,,,,,,,,
1.2250000000000001e-6,0.895,-0.00017521,-0.000305129,0,,,,,"{1.2250000000000001e-6,0.895,-0.000175210309234679,-0.000305129095817304,0},",,,,,,,,,,
1.25e-6,0.895,-0.000148476,-0.000278395,0,,,,,"{1.25e-6,0.895,-0.000148476325534204,-0.000278395112116829,0},",,,,,,,,,,
1.275e-6,0.895,-0.000118421,-0.00024834,0,,,,,"{1.275e-6,0.895,-0.000118421228468808,-0.000248340015051433,0},",,,,,,,,,,
1.3e-6,0.895,-8.58403E-05,-0.000215759,0,,,,,"{1.3e-6,0.895,-8.58403418752251E-05,-0.00021575912845785,0},",,,,,,,,,,
1.325e-6,0.895,-5.69438E-05,-0.000186863,0,,,,,"{1.325e-6,0.895,-5.69437964405878E-05,-0.000186862583023212,0},",,,,,,,,,,
1.35e-6,0.895,-3.73469E-05,-0.000167266,0,,,,,"{1.35e-6,0.895,-3.73469135342694E-05,-0.000167265700116894,0},",,,,,,,,,,
1.375e-6,0.895,-2.48282E-05,-0.000154747,0,,,,,"{1.375e-6,0.895,-2.48282435053629E-05,-0.000154747030087988,0},",,,,,,,,,,
1.4e-6,0.895,-1.57588E-05,-0.000145678,0,,,,,"{1.4e-6,0.895,-1.57587564007727E-05,-0.000145677542983397,0},",,,,,,,,,,
1.4250000000000001e-6,0.895,-9.07E-06,-0.000138986,0,,,,,"{1.4250000000000001e-6,0.895,-9.06677947387276E-06,-0.000138985566056497,0},",,,,,,,,,,
1.45e-6,0.895,-3.52E-06,-0.000133438,0,,,,,"{1.45e-6,0.895,-3.51912129629849E-06,-0.000133437907878923,0},",,,,,,,,,,
1.4750000000000003e-6,0.895,1.2304530972149453e-6,-0.000128688,0,,,,,"{1.4750000000000003e-6,0.895,1.2304530972149453e-6,-0.00012868833348541,0},",,,,,,,,,,
1.5e-6,0.895,5.060401739988009e-6,-0.000124858,0,,,,,"{1.5e-6,0.895,5.060401739988009e-6,-0.000124858384842637,0},",,,,,,,,,,
2.5e-7,0.8999999999999999,-0.182196053,-0.182367227,0,,,,,"{2.5e-7,0.8999999999999999,-0.182196052652384,-0.182367227338731,0},",,,,,,,,,,
2.75e-7,0.8999999999999999,-0.123022794,-0.123193968,0,,,,,"{2.75e-7,0.8999999999999999,-0.123022793661293,-0.12319396834764,0},",,,,,,,,,,
3.e-7,0.8999999999999999,-0.086019788,-0.086190963,0,,,,,"{3.e-7,0.8999999999999999,-0.086019787975226,-0.086190962661573,0},",,,,,,,,,,
3.25e-7,0.8999999999999999,-0.061926143,-0.062097317,0,,,,,"{3.25e-7,0.8999999999999999,-0.0619261426952769,-0.0620973173816239,0},",,,,,,,,,,
3.5e-7,0.8999999999999999,-0.04569299,-0.045864165,0,,,,,"{3.5e-7,0.8999999999999999,-0.0456929902057812,-0.0458641648921282,0},",,,,,,,,,,
3.75e-7,0.8999999999999999,-0.034428019,-0.034599194,0,,,,,"{3.75e-7,0.8999999999999999,-0.0344280194113247,-0.0345991940976716,0},",,,,,,,,,,
4.e-7,0.8999999999999999,-0.026400182,-0.026571357,0,,,,,"{4.e-7,0.8999999999999999,-0.0264001823615227,-0.0265713570478697,0},",,,,,,,,,,
4.25e-7,0.8999999999999999,-0.020533972,-0.020705147,0,,,,,"{4.25e-7,0.8999999999999999,-0.0205339722399757,-0.0207051469263227,0},",,,,,,,,,,
4.5000000000000003e-7,0.8999999999999999,-0.016165877,-0.016337051,0,,,,,"{4.5000000000000003e-7,0.8999999999999999,-0.016165876718117,-0.016337051404464,0},",,,,,,,,,,
4.75e-7,0.8999999999999999,-0.012894604,-0.013065779,0,,,,,"{4.75e-7,0.8999999999999999,-0.0128946041538874,-0.0130657788402344,0},",,,,,,,,,,
5.000000000000001e-7,0.8999999999999999,-0.01041864,-0.010589814,0,,,,,"{5.000000000000001e-7,0.8999999999999999,-0.0104186397180828,-0.0105898144044297,0},",,,,,,,,,,
5.250000000000001e-7,0.8999999999999999,-0.008512913,-0.008684088,0,,,,,"{5.250000000000001e-7,0.8999999999999999,-0.00851291341186252,-0.0086840880982095,0},",,,,,,,,,,
5.5e-7,0.8999999999999999,-0.00702406,-0.007195234,0,,,,,"{5.5e-7,0.8999999999999999,-0.00702405979437746,-0.00719523448072444,0},",,,,,,,,,,
5.75e-7,0.8999999999999999,-0.005846144,-0.006017319,0,,,,,"{5.75e-7,0.8999999999999999,-0.00584614390666888,-0.00601731859301585,0},",,,,,,,,,,
6.e-7,0.8999999999999999,-0.004903903,-0.005075077,0,,,,,"{6.e-7,0.8999999999999999,-0.00490390277068023,-0.0050750774570272,0},",,,,,,,,,,
6.25e-7,0.8999999999999999,-0.004142681,-0.004313856,0,,,,,"{6.25e-7,0.8999999999999999,-0.00414268081976866,-0.00431385550611564,0},",,,,,,,,,,
6.5e-7,0.8999999999999999,-0.003522092,-0.003693267,0,,,,,"{6.5e-7,0.8999999999999999,-0.0035220924057945,-0.00369326709214148,0},",,,,,,,,,,
6.750000000000001e-7,0.8999999999999999,-0.003011845,-0.00318302,0,,,,,"{6.750000000000001e-7,0.8999999999999999,-0.00301184509806706,-0.00318301978441404,0},",,,,,,,,,,
7.000000000000001e-7,0.8999999999999999,-0.00258889,-0.002760065,0,,,,,"{7.000000000000001e-7,0.8999999999999999,-0.00258889046664051,-0.00276006515298749,0},",,,,,,,,,,
7.25e-7,0.8999999999999999,-0.002235413,-0.002406588,0,,,,,"{7.25e-7,0.8999999999999999,-0.00223541341757083,-0.00240658810391781,0},",,,,,,,,,,
7.5e-7,0.8999999999999999,-0.001937337,-0.002108512,0,,,,,"{7.5e-7,0.8999999999999999,-0.00193733706587483,-0.00210851175222181,0},",,,,,,,,,,
7.75e-7,0.8999999999999999,-0.001683085,-0.001854259,0,,,,,"{7.75e-7,0.8999999999999999,-0.00168308471543511,-0.00185425940178209,0},",,,,,,,,,,
8.e-7,0.8999999999999999,-0.001462365,-0.001633539,0,,,,,"{8.e-7,0.8999999999999999,-0.00146236478488569,-0.00163353947123267,0},",,,,,,,,,,
8.249999999999999e-7,0.8999999999999999,-0.001265013,-0.001436188,0,,,,,"{8.249999999999999e-7,0.8999999999999999,-0.00126501330881445,-0.00143618799516143,0},",,,,,,,,,,
8.500000000000001e-7,0.8999999999999999,-0.001081664,-0.001252839,0,,,,,"{8.500000000000001e-7,0.8999999999999999,-0.00108166400482663,-0.00125283869117361,0},",,,,,,,,,,
8.750000000000001e-7,0.8999999999999999,-0.000911994,-0.001083169,0,,,,,"{8.750000000000001e-7,0.8999999999999999,-0.000911994477564559,-0.00108316916391153,0},",,,,,,,,,,
9.000000000000001e-7,0.8999999999999999,-0.000771185,-0.00094236,0,,,,,"{9.000000000000001e-7,0.8999999999999999,-0.00077118530988192,-0.000942359996228897,0},",,,,,,,,,,
9.25e-7,0.8999999999999999,-0.000663071,-0.000834246,0,,,,,"{9.25e-7,0.8999999999999999,-0.000663071024944674,-0.000834245711291652,0},",,,,,,,,,,
9.5e-7,0.8999999999999999,-0.000577442,-0.000748617,0,,,,,"{9.5e-7,0.8999999999999999,-0.000577442378634872,-0.000748617064981849,0},",,,,,,,,,,
9.75e-7,0.8999999999999999,-0.000506761,-0.000677936,0,,,,,"{9.75e-7,0.8999999999999999,-0.000506761275528144,-0.000677935961875122,0},",,,,,,,,,,
1.0000000000000002e-6,0.8999999999999999,-0.000446941,-0.000618115,0,,,,,"{1.0000000000000002e-6,0.8999999999999999,-0.000446940750637049,-0.000618115436984026,0},",,,,,,,,,,
1.025e-6,0.8999999999999999,-0.000395501,-0.000566676,0,,,,,"{1.025e-6,0.8999999999999999,-0.000395501404981009,-0.000566676091327987,0},",,,,,,,,,,
1.0500000000000001e-6,0.8999999999999999,-0.000350782,-0.000521957,0,,,,,"{1.0500000000000001e-6,0.8999999999999999,-0.000350782422346986,-0.000521957108693964,0},",,,,,,,,,,
1.075e-6,0.8999999999999999,-0.000311624,-0.000482798,0,,,,,"{1.075e-6,0.8999999999999999,-0.000311623581380311,-0.000482798267727289,0},",,,,,,,,,,
1.1e-6,0.8999999999999999,-0.000276941,-0.000448116,0,,,,,"{1.1e-6,0.8999999999999999,-0.0002769411659566,-0.000448115852303577,0},",,,,,,,,,,
1.125e-6,0.8999999999999999,-0.000245963,-0.000417138,0,,,,,"{1.125e-6,0.8999999999999999,-0.000245963300280166,-0.000417137986627144,0},",,,,,,,,,,
1.15e-6,0.8999999999999999,-0.000217917,-0.000389091,0,,,,,"{1.15e-6,0.8999999999999999,-0.000217916665325012,-0.00038909135167199,0},",,,,,,,,,,
1.1750000000000002e-6,0.8999999999999999,-0.000191827,-0.000363002,0,,,,,"{1.1750000000000002e-6,0.8999999999999999,-0.000191827031306036,-0.000363001717653013,0},",,,,,,,,,,
1.2000000000000002e-6,0.8999999999999999,-0.00016684,-0.000338014,0,,,,,"{1.2000000000000002e-6,0.8999999999999999,-0.00016683950991856,-0.000338014196265537,0},",,,,,,,,,,
1.2250000000000001e-6,0.8999999999999999,-0.000141148,-0.000312322,0,,,,,"{1.2250000000000001e-6,0.8999999999999999,-0.000141147636357847,-0.000312322322704825,0},",,,,,,,,,,
1.25e-6,0.8999999999999999,-0.000112981,-0.000284156,0,,,,,"{1.25e-6,0.8999999999999999,-0.000112981340725371,-0.000284156027072348,0},",,,,,,,,,,
1.275e-6,0.8999999999999999,-7.97613E-05,-0.000250936,0,,,,,"{1.275e-6,0.8999999999999999,-7.97612870753276E-05,-0.000250935973422305,0},",,,,,,,,,,
1.3e-6,0.8999999999999999,-4.26106E-05,-0.000213785,0,,,,,"{1.3e-6,0.8999999999999999,-4.26106207775545E-05,-0.000213785307124531,0},",,,,,,,,,,
1.325e-6,0.8999999999999999,-9.78E-06,-0.000180953,0,,,,,"{1.325e-6,0.8999999999999999,-9.77801611242922E-06,-0.000180952702459406,0},",,,,,,,,,,
1.35e-6,0.8999999999999999,1.12781E-05,-0.000159897,0,,,,,"{1.35e-6,0.8999999999999999,1.12781482934142E-05,-0.000159896538053563,0},",,,,,,,,,,
1.375e-6,0.8999999999999999,2.34332E-05,-0.000147741,0,,,,,"{1.375e-6,0.8999999999999999,2.34332395023683E-05,-0.000147741446844608,0},",,,,,,,,,,
1.4e-6,0.8999999999999999,3.14246E-05,-0.00013975,0,,,,,"{1.4e-6,0.8999999999999999,3.14245750136542E-05,-0.000139750111333323,0},",,,,,,,,,,
1.4250000000000001e-6,0.8999999999999999,3.66249E-05,-0.00013455,0,,,,,"{1.4250000000000001e-6,0.8999999999999999,3.66248575443117E-05,-0.000134549828802665,0},",,,,,,,,,,
1.45e-6,0.8999999999999999,4.06243E-05,-0.00013055,0,,,,,"{1.45e-6,0.8999999999999999,4.06243339742978E-05,-0.000130550352372679,0},",,,,,,,,,,
1.4750000000000003e-6,0.8999999999999999,4.38487E-05,-0.000127326,0,,,,,"{1.4750000000000003e-6,0.8999999999999999,4.38487077042442E-05,-0.000127325978642733,0},",,,,,,,,,,
1.5e-6,0.8999999999999999,4.61105E-05,-0.000125064,0,,,,,"{1.5e-6,0.8999999999999999,4.61105008312405E-05,-0.000125064185515736,0},",,,,,,,,,,
2.5e-7,0.9049999999999999,-0.182177958,-0.182403516,0,,,,,"{2.5e-7,0.9049999999999999,-0.182177958138211,-0.182403515500651,0},",,,,,,,,,,
2.75e-7,0.9049999999999999,-0.123005312,-0.12323087,0,,,,,"{2.75e-7,0.9049999999999999,-0.123005312438452,-0.123230869800892,0},",,,,,,,,,,
3.e-7,0.9049999999999999,-0.086002015,-0.086227573,0,,,,,"{3.e-7,0.9049999999999999,-0.0860020152301517,-0.0862275725925908,0},",,,,,,,,,,
3.25e-7,0.9049999999999999,-0.061907081,-0.062132638,0,,,,,"{3.25e-7,0.9049999999999999,-0.0619070807365662,-0.0621326380990054,0},",,,,,,,,,,
3.5e-7,0.9049999999999999,-0.045671218,-0.045896776,0,,,,,"{3.5e-7,0.9049999999999999,-0.0456712183213134,-0.0458967756837526,0},",,,,,,,,,,
3.75e-7,0.9049999999999999,-0.034401057,-0.034626614,0,,,,,"{3.75e-7,0.9049999999999999,-0.0344010565576341,-0.0346266139200732,0},",,,,,,,,,,
4.e-7,0.9049999999999999,-0.026363184,-0.026588741,0,,,,,"{4.e-7,0.9049999999999999,-0.0263631841022666,-0.0265887414647057,0},",,,,,,,,,,
4.25e-7,0.9049999999999999,-0.020478987,-0.020704545,0,,,,,"{4.25e-7,0.9049999999999999,-0.020478987205449,-0.0207045445678882,0},",,,,,,,,,,
4.5000000000000003e-7,0.9049999999999999,-0.016090108,-0.016315665,0,,,,,"{4.5000000000000003e-7,0.9049999999999999,-0.0160901077899214,-0.0163156651523605,0},",,,,,,,,,,
4.75e-7,0.9049999999999999,-0.012809319,-0.013034876,0,,,,,"{4.75e-7,0.9049999999999999,-0.0128093190119973,-0.0130348763744365,0},",,,,,,,,,,
5.000000000000001e-7,0.9049999999999999,-0.010334369,-0.010559927,0,,,,,"{5.000000000000001e-7,0.9049999999999999,-0.0103343693567372,-0.0105599267191763,0},",,,,,,,,,,
5.250000000000001e-7,0.9049999999999999,-0.008433897,-0.008659454,0,,,,,"{5.250000000000001e-7,0.9049999999999999,-0.00843389654755864,-0.00865945390999776,0},",,,,,,,,,,
5.5e-7,0.9049999999999999,-0.006951425,-0.007176982,0,,,,,"{5.5e-7,0.9049999999999999,-0.00695142475363091,-0.00717698211607002,0},",,,,,,,,,,
5.75e-7,0.9049999999999999,-0.00577983,-0.006005387,0,,,,,"{5.75e-7,0.9049999999999999,-0.00577982988158295,-0.00600538724402206,0},",,,,,,,,,,
6.e-7,0.9049999999999999,-0.004843414,-0.005068972,0,,,,,"{6.e-7,0.9049999999999999,-0.00484341432153474,-0.00506897168397386,0},",,,,,,,,,,
6.25e-7,0.9049999999999999,-0.00408738,-0.004312938,0,,,,,"{6.25e-7,0.9049999999999999,-0.00408738025155037,-0.00431293761398949,0},",,,,,,,,,,
6.5e-7,0.9049999999999999,-0.003471313,-0.00369687,0,,,,,"{6.5e-7,0.9049999999999999,-0.00347131250615964,-0.00369686986859876,0},",,,,,,,,,,
6.750000000000001e-7,0.9049999999999999,-0.002964926,-0.003190483,0,,,,,"{6.750000000000001e-7,0.9049999999999999,-0.00296492550204667,-0.00319048286448578,0},",,,,,,,,,,
7.000000000000001e-7,0.9049999999999999,-0.002545175,-0.002770733,0,,,,,"{7.000000000000001e-7,0.9049999999999999,-0.00254517515403692,-0.00277073251647604,0},",,,,,,,,,,
7.25e-7,0.9049999999999999,-0.002194218,-0.002419776,0,,,,,"{7.25e-7,0.9049999999999999,-0.00219421831575784,-0.00241977567819696,0},",,,,,,,,,,
7.5e-7,0.9049999999999999,-0.001897876,-0.002123434,0,,,,,"{7.5e-7,0.9049999999999999,-0.00189787637403925,-0.00212343373647837,0},",,,,,,,,,,
7.75e-7,0.9049999999999999,-0.001644317,-0.001869874,0,,,,,"{7.75e-7,0.9049999999999999,-0.00164431672628451,-0.00186987408872362,0},",,,,,,,,,,
8.e-7,0.9049999999999999,-0.00142268,-0.001648237,0,,,,,"{8.e-7,0.9049999999999999,-0.00142267989961041,-0.00164823726204952,0},",,,,,,,,,,
8.249999999999999e-7,0.9049999999999999,-0.001221722,-0.00144728,0,,,,,"{8.249999999999999e-7,0.9049999999999999,-0.00122172236588289,-0.00144727972832201,0},",,,,,,,,,,
8.500000000000001e-7,0.9049999999999999,-0.001030824,-0.001256381,0,,,,,"{8.500000000000001e-7,0.9049999999999999,-0.00103082351027278,-0.00125638087271189,0},",,,,,,,,,,
8.750000000000001e-7,0.9049999999999999,-0.000850945,-0.001076502,0,,,,,"{8.750000000000001e-7,0.9049999999999999,-0.000850944841254925,-0.00107650220369404,0},",,,,,,,,,,
9.000000000000001e-7,0.9049999999999999,-0.000703219,-0.000928777,0,,,,,"{9.000000000000001e-7,0.9049999999999999,-0.000703219198779135,-0.000928776561218251,0},",,,,,,,,,,
9.25e-7,0.9049999999999999,-0.000593625,-0.000819183,0,,,,,"{9.25e-7,0.9049999999999999,-0.000593625259714991,-0.000819182622154106,0},",,,,,,,,,,
9.5e-7,0.9049999999999999,-0.000509468,-0.000735025,0,,,,,"{9.5e-7,0.9049999999999999,-0.000509467690920441,-0.000735025053359557,0},",,,,,,,,,,
9.75e-7,0.9049999999999999,-0.000441438,-0.000666996,0,,,,,"{9.75e-7,0.9049999999999999,-0.000441438472270611,-0.000666995834709727,0},",,,,,,,,,,
1.0000000000000002e-6,0.9049999999999999,-0.000384671,-0.000610229,0,,,,,"{1.0000000000000002e-6,0.9049999999999999,-0.000384671309514133,-0.000610228671953249,0},",,,,,,,,,,
1.025e-6,0.9049999999999999,-0.000336332,-0.00056189,0,,,,,"{1.025e-6,0.9049999999999999,-0.0003363322841352,-0.000561889646574315,0},",,,,,,,,,,
1.0500000000000001e-6,0.9049999999999999,-0.000294596,-0.000520153,0,,,,,"{1.0500000000000001e-6,0.9049999999999999,-0.000294596073880743,-0.000520153436319859,0},",,,,,,,,,,
1.075e-6,0.9049999999999999,-0.00025824,-0.000483797,0,,,,,"{1.075e-6,0.9049999999999999,-0.000258239557586262,-0.000483796920025378,0},",,,,,,,,,,
1.1e-6,0.9049999999999999,-0.000226093,-0.00045165,0,,,,,"{1.1e-6,0.9049999999999999,-0.000226093047099046,-0.000451650409538161,0},",,,,,,,,,,
1.125e-6,0.9049999999999999,-0.000197359,-0.000422916,0,,,,,"{1.125e-6,0.9049999999999999,-0.000197358800549703,-0.000422916162988818,0},",,,,,,,,,,
1.15e-6,0.9049999999999999,-0.000171205,-0.000396762,0,,,,,"{1.15e-6,0.9049999999999999,-0.000171204568203283,-0.000396761930642398,0},",,,,,,,,,,
1.1750000000000002e-6,0.9049999999999999,-0.000146506,-0.000372064,0,,,,,"{1.1750000000000002e-6,0.9049999999999999,-0.000146506366469216,-0.000372063728908332,0},",,,,,,,,,,
1.2000000000000002e-6,0.9049999999999999,-0.000122275,-0.000347832,0,,,,,"{1.2000000000000002e-6,0.9049999999999999,-0.000122274846060599,-0.000347832208499715,0},",,,,,,,,,,
1.2250000000000001e-6,0.9049999999999999,-9.62476E-05,-0.000321805,0,,,,,"{1.2250000000000001e-6,0.9049999999999999,-9.62476325687773E-05,-0.000321804995007893,0},",,,,,,,,,,
1.25e-6,0.9049999999999999,-6.61942E-05,-0.000291752,0,,,,,"{1.25e-6,0.9049999999999999,-6.61941857148563E-05,-0.000291751548153972,0},",,,,,,,,,,
1.275e-6,0.9049999999999999,-2.88029E-05,-0.00025436,0,,,,,"{1.275e-6,0.9049999999999999,-2.88029481279059E-05,-0.000254360310567021,0},",,,,,,,,,,
1.3e-6,0.9049999999999999,1.43717E-05,-0.000211186,0,,,,,"{1.3e-6,0.9049999999999999,1.43717094791892E-05,-0.000211185652959926,0},",,,,,,,,,,
1.325e-6,0.9049999999999999,5.2394E-05,-0.000173163,0,,,,,"{1.325e-6,0.9049999999999999,5.23940263485518E-05,-0.000173163336090563,0},",,,,,,,,,,
1.35e-6,0.9049999999999999,7.53749E-05,-0.000150182,0,,,,,"{1.35e-6,0.9049999999999999,0.000075374866594597,-0.000150182495844518,0},",,,,,,,,,,
1.375e-6,0.9049999999999999,8.70511E-05,-0.000138506,0,,,,,"{1.375e-6,0.9049999999999999,8.70511488191912E-05,-0.000138506213619924,0},",,,,,,,,,,
1.4e-6,0.9049999999999999,9.36215E-05,-0.000131936,0,,,,,"{1.4e-6,0.9049999999999999,9.36215381166006E-05,-0.000131935824322515,0},",,,,,,,,,,
1.4250000000000001e-6,0.9049999999999999,9.68556E-05,-0.000128702,0,,,,,"{1.4250000000000001e-6,0.9049999999999999,9.68555768519093E-05,-0.000128701785587206,0},",,,,,,,,,,
1.45e-6,0.9049999999999999,9.88143E-05,-0.000126743,0,,,,,"{1.45e-6,0.9049999999999999,9.88142663689511E-05,-0.000126743096070164,0},",,,,,,,,,,
1.4750000000000003e-6,0.9049999999999999,0.000100028,-0.000125529,0,,,,,"{1.4750000000000003e-6,0.9049999999999999,0.000100028181846427,-0.000125529180592688,0},",,,,,,,,,,
1.5e-6,0.9049999999999999,0.000100223,-0.000125335,0,,,,,"{1.5e-6,0.9049999999999999,0.000100222778580759,-0.000125334583858356,0},",,,,,,,,,,
2.5e-7,0.9099999999999999,-0.1821541,-0.182451362,0,,,,,"{2.5e-7,0.9099999999999999,-0.182154099783315,-0.182451362390014,0},",,,,,,,,,,
2.75e-7,0.9099999999999999,-0.122982263,-0.123279525,0,,,,,"{2.75e-7,0.9099999999999999,-0.12298226286454,-0.123279525471239,0},",,,,,,,,,,
3.e-7,0.9099999999999999,-0.085978581,-0.086275844,0,,,,,"{3.e-7,0.9099999999999999,-0.0859785814349912,-0.0862758440416902,0},",,,,,,,,,,
3.25e-7,0.9099999999999999,-0.061881947,-0.06217921,0,,,,,"{3.25e-7,0.9099999999999999,-0.0618819473072362,-0.0621792099139352,0},",,,,,,,,,,
3.5e-7,0.9099999999999999,-0.045642512,-0.045939775,0,,,,,"{3.5e-7,0.9099999999999999,-0.0456425121848592,-0.0459397747915581,0},",,,,,,,,,,
3.75e-7,0.9099999999999999,-0.034365507,-0.034662769,0,,,,,"{3.75e-7,0.9099999999999999,-0.0343655068111737,-0.0346627694178726,0},",,,,,,,,,,
4.e-7,0.9099999999999999,-0.026314404,-0.026611667,0,,,,,"{4.e-7,0.9099999999999999,-0.026314404080752,-0.0266116666874509,0},",,,,,,,,,,
4.25e-7,0.9099999999999999,-0.020406493,-0.020703756,0,,,,,"{4.25e-7,0.9099999999999999,-0.0204064929903663,-0.0207037555970652,0},",,,,,,,,,,
4.5000000000000003e-7,0.9099999999999999,-0.015990208,-0.01628747,0,,,,,"{4.5000000000000003e-7,0.9099999999999999,-0.0159902077657585,-0.0162874703724574,0},",,,,,,,,,,
4.75e-7,0.9099999999999999,-0.012696868,-0.012994131,0,,,,,"{4.75e-7,0.9099999999999999,-0.0126968683177245,-0.0129941309244235,0},",,,,,,,,,,
5.000000000000001e-7,0.9099999999999999,-0.010223255,-0.010520518,0,,,,,"{5.000000000000001e-7,0.9099999999999999,-0.0102232550321252,-0.0105205176388242,0},",,,,,,,,,,
5.250000000000001e-7,0.9099999999999999,-0.008329709,-0.008626971,0,,,,,"{5.250000000000001e-7,0.9099999999999999,-0.00832970853000075,-0.00862697113669971,0},",,,,,,,,,,
5.5e-7,0.9099999999999999,-0.006855651,-0.007152914,0,,,,,"{5.5e-7,0.9099999999999999,-0.0068556512241843,-0.00715291383088326,0},",,,,,,,,,,
5.75e-7,0.9099999999999999,-0.005692391,-0.005989653,0,,,,,"{5.75e-7,0.9099999999999999,-0.00569239084984025,-0.00598965345653921,0},",,,,,,,,,,
6.e-7,0.9099999999999999,-0.004763657,-0.005060919,0,,,,,"{6.e-7,0.9099999999999999,-0.00476365661502951,-0.00506091922172847,0},",,,,,,,,,,
6.25e-7,0.9099999999999999,-0.004014463,-0.004311726,0,,,,,"{6.25e-7,0.9099999999999999,-0.00401446308522703,-0.00431172569192599,0},",,,,,,,,,,
6.5e-7,0.9099999999999999,-0.003404356,-0.003701619,0,,,,,"{6.5e-7,0.9099999999999999,-0.00340435615818761,-0.00370161876488657,0},",,,,,,,,,,
6.750000000000001e-7,0.9099999999999999,-0.002903059,-0.003200322,0,,,,,"{6.750000000000001e-7,0.9099999999999999,-0.00290305927649789,-0.00320032188319685,0},",,,,,,,,,,
7.000000000000001e-7,0.9099999999999999,-0.002487534,-0.002784797,0,,,,,"{7.000000000000001e-7,0.9099999999999999,-0.0024875340929641,-0.00278479669966306,0},",,,,,,,,,,
7.25e-7,0.9099999999999999,-0.0021399,-0.002437163,0,,,,,"{7.25e-7,0.9099999999999999,-0.00213990049897597,-0.00243716310567493,0},",,,,,,,,,,
7.5e-7,0.9099999999999999,-0.001845846,-0.002143108,0,,,,,"{7.5e-7,0.9099999999999999,-0.00184584580812279,-0.00214310841482175,0},",,,,,,,,,,
7.75e-7,0.9099999999999999,-0.0015932,-0.001890463,0,,,,,"{7.75e-7,0.9099999999999999,-0.00159320012513372,-0.00189046273183268,0},",,,,,,,,,,
8.e-7,0.9099999999999999,-0.001370355,-0.001667618,0,,,,,"{8.e-7,0.9099999999999999,-0.00137035543534532,-0.00166761804204428,0},",,,,,,,,,,
8.249999999999999e-7,0.9099999999999999,-0.001164645,-0.001461908,0,,,,,"{8.249999999999999e-7,0.9099999999999999,-0.00116464498912411,-0.00146190759582306,0},",,,,,,,,,,
8.500000000000001e-7,0.9099999999999999,-0.000963794,-0.001261056,0,,,,,"{8.500000000000001e-7,0.9099999999999999,-0.00096379353900243,-0.00126105614570138,0},",,,,,,,,,,
8.750000000000001e-7,0.9099999999999999,-0.000770453,-0.001067716,0,,,,,"{8.750000000000001e-7,0.9099999999999999,-0.000770452963571672,-0.00106771557027062,0},",,,,,,,,,,
9.000000000000001e-7,0.9099999999999999,-0.000613605,-0.000910868,0,,,,,"{9.000000000000001e-7,0.9099999999999999,-0.000613604960349126,-0.000910867567048082,0},",,,,,,,,,,
9.25e-7,0.9099999999999999,-0.000502058,-0.000799321,0,,,,,"{9.25e-7,0.9099999999999999,-0.000502058288965139,-0.000799320895664095,0},",,,,,,,,,,
9.5e-7,0.9099999999999999,-0.00041984,-0.000717102,0,,,,,"{9.5e-7,0.9099999999999999,-0.000419839612812914,-0.000717102219511871,0},",,,,,,,,,,
9.75e-7,0.9099999999999999,-0.000355307,-0.000652569,0,,,,,"{9.75e-7,0.9099999999999999,-0.000355306682946457,-0.000652569289645413,0},",,,,,,,,,,
1.0000000000000002e-6,0.9099999999999999,-0.000302565,-0.000599828,0,,,,,"{1.0000000000000002e-6,0.9099999999999999,-0.000302565383661788,-0.000599827990360744,0},",,,,,,,,,,
1.025e-6,0.9099999999999999,-0.000258314,-0.000555577,0,,,,,"{1.025e-6,0.9099999999999999,-0.000258314231698441,-0.000555576838397397,0},",,,,,,,,,,
1.0500000000000001e-6,0.9099999999999999,-0.000220511,-0.000517774,0,,,,,"{1.0500000000000001e-6,0.9099999999999999,-0.000220510963694126,-0.000517773570393082,0},",,,,,,,,,,
1.075e-6,0.9099999999999999,-0.00018785,-0.000485112,0,,,,,"{1.075e-6,0.9099999999999999,-0.000187849520923371,-0.000485112127622327,0},",,,,,,,,,,
1.1e-6,0.9099999999999999,-0.000159047,-0.000456309,0,,,,,"{1.1e-6,0.9099999999999999,-0.000159046808553448,-0.000456309415252404,0},",,,,,,,,,,
1.125e-6,0.9099999999999999,-0.000133271,-0.000430534,0,,,,,"{1.125e-6,0.9099999999999999,-0.000133271047853227,-0.000430533654552183,0},",,,,,,,,,,
1.15e-6,0.9099999999999999,-0.000109612,-0.000406875,0,,,,,"{1.15e-6,0.9099999999999999,-0.000109612277087542,-0.000406874883786498,0},",,,,,,,,,,
1.1750000000000002e-6,0.9099999999999999,-8.67491E-05,-0.000384012,0,,,,,"{1.1750000000000002e-6,0.9099999999999999,-8.67491336358575E-05,-0.000384011740334813,0},",,,,,,,,,,
1.2000000000000002e-6,0.9099999999999999,-6.35151E-05,-0.000360778,0,,,,,"{1.2000000000000002e-6,0.9099999999999999,-6.35151134885166E-05,-0.000360777720187472,0},",,,,,,,,,,
1.2250000000000001e-6,0.9099999999999999,-3.70468E-05,-0.000334309,0,,,,,"{1.2250000000000001e-6,0.9099999999999999,-0.000037046817238001,-0.000334309423936957,0},",,,,,,,,,,
1.25e-6,0.9099999999999999,-4.51E-06,-0.000301769,0,,,,,"{1.25e-6,0.9099999999999999,-4.50665449263936E-06,-0.000301769261191595,0},",,,,,,,,,,
1.275e-6,0.9099999999999999,3.8383E-05,-0.00025888,0,,,,,"{1.275e-6,0.9099999999999999,3.83830335853409E-05,-0.000258879573113615,0},",,,,,,,,,,
1.3e-6,0.9099999999999999,8.95009E-05,-0.000207762,0,,,,,"{1.3e-6,0.9099999999999999,8.95008605676613E-05,-0.000207761746131294,0},",,,,,,,,,,
1.325e-6,0.9099999999999999,0.000134368,-0.000162894,0,,,,,"{1.325e-6,0.9099999999999999,0.000134368198393405,-0.00016289440830555,0},",,,,,,,,,,
1.35e-6,0.9099999999999999,0.000159889,-0.000137374,0,,,,,"{1.35e-6,0.9099999999999999,0.000159888662587346,-0.00013737394411161,0},",,,,,,,,,,
1.375e-6,0.9099999999999999,0.000170934,-0.000126328,0,,,,,"{1.375e-6,0.9099999999999999,0.000170934407955805,-0.00012632819874315,0},",,,,,,,,,,
1.4e-6,0.9099999999999999,0.000175632,-0.000121631,0,,,,,"{1.4e-6,0.9099999999999999,0.000175631671886146,-0.000121630934812809,0},",,,,,,,,,,
1.4250000000000001e-6,0.9099999999999999,0.000175701,-0.000121561,0,,,,,"{1.4250000000000001e-6,0.9099999999999999,0.000175701281909271,-0.000121561324789685,0},",,,,,,,,,,
1.45e-6,0.9099999999999999,0.000174489,-0.000122774,0,,,,,"{1.45e-6,0.9099999999999999,0.000174488815279043,-0.000122773791419912,0},",,,,,,,,,,
1.4750000000000003e-6,0.9099999999999999,0.0001721,-0.000125162,0,,,,,"{1.4750000000000003e-6,0.9099999999999999,0.000172100125980699,-0.000125162480718256,0},",,,,,,,,,,
1.5e-6,0.9099999999999999,0.000170051,-0.000127212,0,,,,,"{1.5e-6,0.9099999999999999,0.000170050851522203,-0.000127211755176752,0},",,,,,,,,,,
2.5e-7,0.9149999999999999,-0.18212263,-0.182514472,0,,,,,"{2.5e-7,0.9149999999999999,-0.182122630416089,-0.182514471907082,0},",,,,,,,,,,
2.75e-7,0.9149999999999999,-0.122951861,-0.123343702,0,,,,,"{2.75e-7,0.9149999999999999,-0.122951860514504,-0.123343702005497,0},",,,,,,,,,,
3.e-7,0.9149999999999999,-0.085947673,-0.086339514,0,,,,,"{3.e-7,0.9149999999999999,-0.0859476725768618,-0.0863395140678551,0},",,,,,,,,,,
3.25e-7,0.9149999999999999,-0.061848797,-0.062240639,0,,,,,"{3.25e-7,0.9149999999999999,-0.0618487970463394,-0.0622406385373328,0},",,,,,,,,,,
3.5e-7,0.9149999999999999,-0.04560465,-0.045996492,0,,,,,"{3.5e-7,0.9149999999999999,-0.0456046502596349,-0.0459964917506282,0},",,,,,,,,,,
3.75e-7,0.9149999999999999,-0.03431862,-0.034710461,0,,,,,"{3.75e-7,0.9149999999999999,-0.0343186196632008,-0.0347104611541941,0},",,,,,,,,,,
4.e-7,0.9149999999999999,-0.026250069,-0.026641911,0,,,,,"{4.e-7,0.9149999999999999,-0.0262500692488726,-0.0266419107398659,0},",,,,,,,,,,
4.25e-7,0.9149999999999999,-0.020310883,-0.020702724,0,,,,,"{4.25e-7,0.9149999999999999,-0.0203108825988873,-0.0207027240898807,0},",,,,,,,,,,
4.5000000000000003e-7,0.9149999999999999,-0.015858446,-0.016250288,0,,,,,"{4.5000000000000003e-7,0.9149999999999999,-0.0158584464567594,-0.0162502879477527,0},",,,,,,,,,,
4.75e-7,0.9149999999999999,-0.012548547,-0.012940389,0,,,,,"{4.75e-7,0.9149999999999999,-0.0125485470861703,-0.0129403885771636,0},",,,,,,,,,,
5.000000000000001e-7,0.9149999999999999,-0.010076694,-0.010468535,0,,,,,"{5.000000000000001e-7,0.9149999999999999,-0.0100766935965146,-0.0104685350875079,0},",,,,,,,,,,
5.250000000000001e-7,0.9149999999999999,-0.008192282,-0.008584123,0,,,,,"{5.250000000000001e-7,0.9149999999999999,-0.00819228183224394,-0.00858412332323725,0},",,,,,,,,,,
5.5e-7,0.9149999999999999,-0.006729323,-0.007121164,0,,,,,"{5.5e-7,0.9149999999999999,-0.00672932294655273,-0.00712116443754603,0},",,,,,,,,,,
5.75e-7,0.9149999999999999,-0.005577056,-0.005968897,0,,,,,"{5.75e-7,0.9149999999999999,-0.00557705581002975,-0.00596889730102306,0},",,,,,,,,,,
6.e-7,0.9149999999999999,-0.004658453,-0.005050295,0,,,,,"{6.e-7,0.9149999999999999,-0.00465845342100089,-0.00505029491199419,0},",,,,,,,,,,
6.25e-7,0.9149999999999999,-0.003918283,-0.004310124,0,,,,,"{6.25e-7,0.9149999999999999,-0.00391828280728533,-0.00431012429827864,0},",,,,,,,,,,
6.5e-7,0.9149999999999999,-0.003316038,-0.00370788,0,,,,,"{6.5e-7,0.9149999999999999,-0.0033160384791937,-0.00370787997018701,0},",,,,,,,,,,
6.750000000000001e-7,0.9149999999999999,-0.002821456,-0.003213297,0,,,,,"{6.750000000000001e-7,0.9149999999999999,-0.00282145577995602,-0.00321329727094933,0},",,,,,,,,,,
7.000000000000001e-7,0.9149999999999999,-0.002411504,-0.002803345,0,,,,,"{7.000000000000001e-7,0.9149999999999999,-0.0024115039468515,-0.0028033454378448,0},",,,,,,,,,,
7.25e-7,0.9149999999999999,-0.002068254,-0.002460096,0,,,,,"{7.25e-7,0.9149999999999999,-0.00206825416302582,-0.00246009565401913,0},",,,,,,,,,,
7.5e-7,0.9149999999999999,-0.001777217,-0.002169058,0,,,,,"{7.5e-7,0.9149999999999999,-0.00177721700182272,-0.00216905849281603,0},",,,,,,,,,,
7.75e-7,0.9149999999999999,-0.001525778,-0.001917619,0,,,,,"{7.75e-7,0.9149999999999999,-0.00152577790291903,-0.00191761939391234,0},",,,,,,,,,,
8.e-7,0.9149999999999999,-0.001301342,-0.001693183,0,,,,,"{8.e-7,0.9149999999999999,-0.00130134194714407,-0.00169318343813738,0},",,,,,,,,,,
8.249999999999999e-7,0.9149999999999999,-0.001089366,-0.001481207,0,,,,,"{8.249999999999999e-7,0.9149999999999999,-0.00108936553717675,-0.00148120702817006,0},",,,,,,,,,,
8.500000000000001e-7,0.9149999999999999,-0.00087539,-0.001267231,0,,,,,"{8.500000000000001e-7,0.9149999999999999,-0.000875389658728447,-0.00126723114972175,0},",,,,,,,,,,
8.750000000000001e-7,0.9149999999999999,-0.000664291,-0.001056133,0,,,,,"{8.750000000000001e-7,0.9149999999999999,-0.000664291438559447,-0.00105613292955275,0},",,,,,,,,,,
9.000000000000001e-7,0.9149999999999999,-0.000495406,-0.000887248,0,,,,,"{9.000000000000001e-7,0.9149999999999999,-0.00049540625950071,-0.000887247750494018,0},",,,,,,,,,,
9.25e-7,0.9149999999999999,-0.000381281,-0.000773122,0,,,,,"{9.25e-7,0.9149999999999999,-0.000381280877839418,-0.000773122368832725,0},",,,,,,,,,,
9.5e-7,0.9149999999999999,-0.000301618,-0.00069346,0,,,,,"{9.5e-7,0.9149999999999999,-0.000301618255127287,-0.000693459746120595,0},",,,,,,,,,,
9.75e-7,0.9149999999999999,-0.000241696,-0.000633538,0,,,,,"{9.75e-7,0.9149999999999999,-0.000241696386764886,-0.000633537877758194,0},",,,,,,,,,,
1.0000000000000002e-6,0.9149999999999999,-0.000194265,-0.000586107,0,,,,,"{1.0000000000000002e-6,0.9149999999999999,-0.000194265027601455,-0.000586106518594763,0},",,,,,,,,,,
1.025e-6,0.9149999999999999,-0.000155406,-0.000547247,0,,,,,"{1.025e-6,0.9149999999999999,-0.000155405770359821,-0.000547247261353129,0},",,,,,,,,,,
1.0500000000000001e-6,0.9149999999999999,-0.00012279,-0.000514632,0,,,,,"{1.0500000000000001e-6,0.9149999999999999,-0.000122790146887293,-0.0005146316378806,0},",,,,,,,,,,
1.075e-6,0.9149999999999999,-9.50027E-05,-0.000486844,0,,,,,"{1.075e-6,0.9149999999999999,-0.000095002700318356,-0.000486844191311663,0},",,,,,,,,,,
1.1e-6,0.9149999999999999,-7.06107E-05,-0.000462452,0,,,,,"{1.1e-6,0.9149999999999999,-7.06106661079522E-05,-0.000462452157101259,0},",,,,,,,,,,
1.125e-6,0.9149999999999999,-4.87375E-05,-0.000440579,0,,,,,"{1.125e-6,0.9149999999999999,-4.87374900491963E-05,-0.000440578981042503,0},",,,,,,,,,,
1.15e-6,0.9149999999999999,-2.83707E-05,-0.000420212,0,,,,,"{1.15e-6,0.9149999999999999,-2.83706909819609E-05,-0.000420212181975268,0},",,,,,,,,,,
1.1750000000000002e-6,0.9149999999999999,-7.93E-06,-0.00039977,0,,,,,"{1.1750000000000002e-6,0.9149999999999999,-7.92869656421473E-06,-0.000399770187557522,0},",,,,,,,,,,
1.2000000000000002e-6,0.9149999999999999,1.39884E-05,-0.000377853,0,,,,,"{1.2000000000000002e-6,0.9149999999999999,1.39884267806716E-05,-0.000377853064212635,0},",,,,,,,,,,
1.2250000000000001e-6,0.9149999999999999,4.10366E-05,-0.000350805,0,,,,,"{1.2250000000000001e-6,0.9149999999999999,4.10366432135102E-05,-0.000350804847779797,0},",,,,,,,,,,
1.25e-6,0.9149999999999999,7.68541E-05,-0.000314987,0,,,,,"{1.25e-6,0.9149999999999999,7.68540750711922E-05,-0.000314987415922115,0},",,,,,,,,,,
1.275e-6,0.9149999999999999,0.000126994,-0.000264848,0,,,,,"{1.275e-6,0.9149999999999999,0.000126993784530525,-0.000264847706462781,0},",,,,,,,,,,
1.3e-6,0.9149999999999999,0.000188589,-0.000203252,0,,,,,"{1.3e-6,0.9149999999999999,0.00018858922177021,-0.000203252269223097,0},",,,,,,,,,,
1.325e-6,0.9149999999999999,0.000242489,-0.000149353,0,,,,,"{1.325e-6,0.9149999999999999,0.000242488978360854,-0.000149352512632452,0},",,,,,,,,,,
1.35e-6,0.9149999999999999,0.000271362,-0.000120479,0,,,,,"{1.35e-6,0.9149999999999999,0.000271362463439012,-0.000120479027554295,0},",,,,,,,,,,
1.375e-6,0.9149999999999999,0.000281578,-0.000110264,0,,,,,"{1.375e-6,0.9149999999999999,0.000281577903624761,-0.000110263587368545,0},",,,,,,,,,,
1.4e-6,0.9149999999999999,0.000281859,-0.000109983,0,,,,,"{1.4e-6,0.9149999999999999,0.000281858510395667,-0.000109982980597639,0},",,,,,,,,,,
1.4250000000000001e-6,0.9149999999999999,0.000277598,-0.000114244,0,,,,,"{1.4250000000000001e-6,0.9149999999999999,0.000277597578702613,-0.000114243912290694,0},",,,,,,,,,,
1.45e-6,0.9149999999999999,0.000272907,-0.000118934,0,,,,,"{1.45e-6,0.9149999999999999,0.000272907141179758,-0.000118934349813548,0},",,,,,,,,,,
1.4750000000000003e-6,0.9149999999999999,0.000266921,-0.000124921,0,,,,,"{1.4750000000000003e-6,0.9149999999999999,0.000266920508239762,-0.000124920982753544,0},",,,,,,,,,,
1.5e-6,0.9149999999999999,0.000261611,-0.00013023,0,,,,,"{1.5e-6,0.9149999999999999,0.000261611093426743,-0.000130230397566564,0},",,,,,,,,,,
2.5e-7,0.9199999999999999,-0.182081103,-0.182597751,0,,,,,"{2.5e-7,0.9199999999999999,-0.182081102616466,-0.182597751265096,0},",,,,,,,,,,
2.75e-7,0.9199999999999999,-0.122911741,-0.12342839,0,,,,,"{2.75e-7,0.9199999999999999,-0.122911741176088,-0.123428389824717,0},",,,,,,,,,,
3.e-7,0.9199999999999999,-0.085906885,-0.086423534,0,,,,,"{3.e-7,0.9199999999999999,-0.0859068853293977,-0.0864235339780275,0},",,,,,,,,,,
3.25e-7,0.9199999999999999,-0.061805053,-0.062321701,0,,,,,"{3.25e-7,0.9199999999999999,-0.0618050527312022,-0.0623217013798319,0},",,,,,,,,,,
3.5e-7,0.9199999999999999,-0.04555469,-0.046071338,0,,,,,"{3.5e-7,0.9199999999999999,-0.0455546896416642,-0.0460713382902939,0},",,,,,,,,,,
3.75e-7,0.9199999999999999,-0.034256752,-0.0347734,0,,,,,"{3.75e-7,0.9199999999999999,-0.0342567518315258,-0.0347734004801556,0},",,,,,,,,,,
4.e-7,0.9199999999999999,-0.026165182,-0.026681831,0,,,,,"{4.e-7,0.9199999999999999,-0.0261651824924324,-0.0266818311410621,0},",,,,,,,,,,
4.25e-7,0.9199999999999999,-0.02018473,-0.020701379,0,,,,,"{4.25e-7,0.9199999999999999,-0.0201847301625682,-0.0207013788111979,0},",,,,,,,,,,
4.5000000000000003e-7,0.9199999999999999,-0.015684584,-0.016201233,0,,,,,"{4.5000000000000003e-7,0.9199999999999999,-0.01568458410105,-0.0162012327496797,0},",,,,,,,,,,
4.75e-7,0.9199999999999999,-0.012352822,-0.012869471,0,,,,,"{4.75e-7,0.9199999999999999,-0.0123528222783962,-0.012869470927026,0},",,,,,,,,,,
5.000000000000001e-7,0.9199999999999999,-0.009883286,-0.010399935,0,,,,,"{5.000000000000001e-7,0.9199999999999999,-0.00988328603718707,-0.0103999346858168,0},",,,,,,,,,,
5.250000000000001e-7,0.9199999999999999,-0.008010927,-0.008527575,0,,,,,"{5.250000000000001e-7,0.9199999999999999,-0.00801092676512847,-0.00852757541375823,0},",,,,,,,,,,
5.5e-7,0.9199999999999999,-0.006562613,-0.007079262,0,,,,,"{5.5e-7,0.9199999999999999,-0.00656261301942174,-0.0070792616680515,0},",,,,,,,,,,
5.75e-7,0.9199999999999999,-0.005424853,-0.005941501,0,,,,,"{5.75e-7,0.9199999999999999,-0.00542485278845131,-0.00594150143708107,0},",,,,,,,,,,
6.e-7,0.9199999999999999,-0.004519621,-0.005036269,0,,,,,"{6.e-7,0.9199999999999999,-0.0045196208468385,-0.00503626949546826,0},",,,,,,,,,,
6.25e-7,0.9199999999999999,-0.003791357,-0.004308006,0,,,,,"{6.25e-7,0.9199999999999999,-0.0037913574345271,-0.00430800608315685,0},",,,,,,,,,,
6.5e-7,0.9199999999999999,-0.003199489,-0.003716138,0,,,,,"{6.5e-7,0.9199999999999999,-0.00319948919823517,-0.00371613784686492,0},",,,,,,,,,,
6.750000000000001e-7,0.9199999999999999,-0.002713767,-0.003230416,0,,,,,"{6.750000000000001e-7,0.9199999999999999,-0.00271376717758135,-0.00323041582621111,0},",,,,,,,,,,
7.000000000000001e-7,0.9199999999999999,-0.002311171,-0.002827819,0,,,,,"{7.000000000000001e-7,0.9199999999999999,-0.00231117064638927,-0.00282781929501903,0},",,,,,,,,,,
7.25e-7,0.9199999999999999,-0.001973707,-0.002490355,0,,,,,"{7.25e-7,0.9199999999999999,-0.00197370658984538,-0.00249035523847514,0},",,,,,,,,,,
7.5e-7,0.9199999999999999,-0.001686653,-0.002203301,0,,,,,"{7.5e-7,0.9199999999999999,-0.0016866525302158,-0.00220330117884556,0},",,,,,,,,,,
7.75e-7,0.9199999999999999,-0.001436808,-0.001953456,0,,,,,"{7.75e-7,0.9199999999999999,-0.00143680751001132,-0.00195345615864107,0},",,,,,,,,,,
8.e-7,0.9199999999999999,-0.001210275,-0.001726924,0,,,,,"{8.e-7,0.9199999999999999,-0.00121027501020134,-0.0017269236588311,0},",,,,,,,,,,
8.249999999999999e-7,0.9199999999999999,-0.000990035,-0.001506684,0,,,,,"{8.249999999999999e-7,0.9199999999999999,-0.000990035381141331,-0.00150668402977108,0},",,,,,,,,,,
8.500000000000001e-7,0.9199999999999999,-0.000758746,-0.001275394,0,,,,,"{8.500000000000001e-7,0.9199999999999999,-0.000758745606201341,-0.00127539425483109,0},",,,,,,,,,,
8.750000000000001e-7,0.9199999999999999,-0.000524212,-0.00104086,0,,,,,"{8.750000000000001e-7,0.9199999999999999,-0.000524211712708479,-0.00104086036133823,0},",,,,,,,,,,
9.000000000000001e-7,0.9199999999999999,-0.000339434,-0.000856082,0,,,,,"{9.000000000000001e-7,0.9199999999999999,-0.000339433770943372,-0.000856082419573128,0},",,,,,,,,,,
9.25e-7,0.9199999999999999,-0.0002219,-0.000738549,0,,,,,"{9.25e-7,0.9199999999999999,-0.000221900163685682,-0.000738548812315439,0},",,,,,,,,,,
9.5e-7,0.9199999999999999,-0.000145608,-0.000662257,0,,,,,"{9.5e-7,0.9199999999999999,-0.000145608205013865,-0.000662256853643621,0},",,,,,,,,,,
9.75e-7,0.9199999999999999,-9.17702E-05,-0.000608419,0,,,,,"{9.75e-7,0.9199999999999999,-9.17702176970538E-05,-0.00060841886632681,0},",,,,,,,,,,
1.0000000000000002e-6,0.9199999999999999,-5.13456E-05,-0.000567994,0,,,,,"{1.0000000000000002e-6,0.9199999999999999,-5.13456338060879E-05,-0.000567994282435844,0},",,,,,,,,,,
1.025e-6,0.9199999999999999,-1.96016E-05,-0.00053625,0,,,,,"{1.025e-6,0.9199999999999999,-1.96015848968503E-05,-0.000536250233526607,0},",,,,,,,,,,
1.0500000000000001e-6,0.9199999999999999,6.16818079985449e-6,-0.00051048,0,,,,,"{1.0500000000000001e-6,0.9199999999999999,6.16818079985449e-6,-0.000510480467829902,0},",,,,,,,,,,
1.075e-6,0.9199999999999999,2.75235E-05,-0.000489125,0,,,,,"{1.075e-6,0.9199999999999999,2.75234897708358E-05,-0.00048912515885892,0},",,,,,,,,,,
1.1e-6,0.9199999999999999,4.60948E-05,-0.000470554,0,,,,,"{1.1e-6,0.9199999999999999,4.60947633270808E-05,-0.000470553885302675,0},",,,,,,,,,,
1.125e-6,0.9199999999999999,6.28174E-05,-0.000453831,0,,,,,"{1.125e-6,0.9199999999999999,6.28174344624296E-05,-0.000453831214167327,0},",,,,,,,,,,
1.15e-6,0.9199999999999999,7.88393E-05,-0.000437809,0,,,,,"{1.15e-6,0.9199999999999999,7.88393011149961E-05,-0.00043780934751476,0},",,,,,,,,,,
1.1750000000000002e-6,0.9199999999999999,9.60851E-05,-0.000420564,0,,,,,"{1.1750000000000002e-6,0.9199999999999999,9.60850801900111E-05,-0.000420563568439745,0},",,,,,,,,,,
1.2000000000000002e-6,0.9199999999999999,0.000116262,-0.000400386,0,,,,,"{1.2000000000000002e-6,0.9199999999999999,0.000116262329692051,-0.000400386318937704,0},",,,,,,,,,,
1.2250000000000001e-6,0.9199999999999999,0.000144073,-0.000372576,0,,,,,"{1.2250000000000001e-6,0.9199999999999999,0.000144072568042058,-0.000372576080587697,0},",,,,,,,,,,
1.25e-6,0.9199999999999999,0.00018421,-0.000332439,0,,,,,"{1.25e-6,0.9199999999999999,0.000184210020257702,-0.000332438628372053,0},",,,,,,,,,,
1.275e-6,0.9199999999999999,0.000243913,-0.000272736,0,,,,,"{1.275e-6,0.9199999999999999,0.000243912728487323,-0.000272735920142433,0},",,,,,,,,,,
1.3e-6,0.9199999999999999,0.000319336,-0.000197313,0,,,,,"{1.3e-6,0.9199999999999999,0.000319335566854673,-0.000197313081775083,0},",,,,,,,,,,
1.325e-6,0.9199999999999999,0.000385161,-0.000131487,0,,,,,"{1.325e-6,0.9199999999999999,0.000385161315865047,-0.000131487332764709,0},",,,,,,,,,,
1.35e-6,0.9199999999999999,0.000418465,-9.81835E-05,0,,,,,"{1.35e-6,0.9199999999999999,0.000418465168396018,-9.81834802337378E-05,0},",,,,,,,,,,
1.375e-6,0.9199999999999999,0.000427331,-8.93175E-05,0,,,,,"{1.375e-6,0.9199999999999999,0.000427331111228317,-8.93175374014395E-05,0},",,,,,,,,,,
1.4e-6,0.9199999999999999,0.000421063,-9.55857E-05,0,,,,,"{1.4e-6,0.9199999999999999,0.00042106294610523,-9.55857025245265E-05,0},",,,,,,,,,,
1.4250000000000001e-6,0.9199999999999999,0.000412066,-0.000104583,0,,,,,"{1.4250000000000001e-6,0.9199999999999999,0.000412065771035317,-0.000104582877594439,0},",,,,,,,,,,
1.45e-6,0.9199999999999999,0.000402786,-0.000113863,0,,,,,"{1.45e-6,0.9199999999999999,0.000402785950099211,-0.000113862698530545,0},",,,,,,,,,,
1.4750000000000003e-6,0.9199999999999999,0.000392051,-0.000124597,0,,,,,"{1.4750000000000003e-6,0.9199999999999999,0.000392051151010122,-0.000124597497619634,0},",,,,,,,,,,
1.5e-6,0.9199999999999999,0.000382439,-0.00013421,0,,,,,"{1.5e-6,0.9199999999999999,0.000382439061274032,-0.000134209587355724,0},",,,,,,,,,,
2.5e-7,0.9249999999999999,-0.182026267,-0.182707714,0,,,,,"{2.5e-7,0.9249999999999999,-0.182026267493892,-0.182707714165318,0},",,,,,,,,,,
2.75e-7,0.9249999999999999,-0.122858767,-0.123540213,0,,,,,"{2.75e-7,0.9249999999999999,-0.122858766539547,-0.123540213210974,0},",,,,,,,,,,
3.e-7,0.9249999999999999,-0.08585303,-0.086534476,0,,,,,"{3.e-7,0.9249999999999999,-0.085853029613975,-0.0865344762854014,0},",,,,,,,,,,
3.25e-7,0.9249999999999999,-0.061747294,-0.06242874,0,,,,,"{3.25e-7,0.9249999999999999,-0.0617472936736309,-0.0624287403450573,0},",,,,,,,,,,
3.5e-7,0.9249999999999999,-0.045488725,-0.046170171,0,,,,,"{3.5e-7,0.9249999999999999,-0.0454887246268102,-0.0461701712982366,0},",,,,,,,,,,
3.75e-7,0.9249999999999999,-0.034175069,-0.034856515,0,,,,,"{3.75e-7,0.9249999999999999,-0.0341750687238294,-0.0348565153952558,0},",,,,,,,,,,
4.e-7,0.9249999999999999,-0.026053114,-0.02673456,0,,,,,"{4.e-7,0.9249999999999999,-0.0260531137599856,-0.026734560431412,0},",,,,,,,,,,
4.25e-7,0.9249999999999999,-0.020018184,-0.02069963,0,,,,,"{4.25e-7,0.9249999999999999,-0.0200181835140376,-0.020699630185464,0},",,,,,,,,,,
4.5000000000000003e-7,0.9249999999999999,-0.015455032,-0.016136479,0,,,,,"{4.5000000000000003e-7,0.9249999999999999,-0.0154550318385663,-0.0161364785099927,0},",,,,,,,,,,
4.75e-7,0.9249999999999999,-0.012094385,-0.012775832,0,,,,,"{4.75e-7,0.9249999999999999,-0.0120943852495518,-0.0127758319209782,0},",,,,,,,,,,
5.000000000000001e-7,0.9249999999999999,-0.0096279,-0.010309347,0,,,,,"{5.000000000000001e-7,0.9249999999999999,-0.0096279000503589,-0.0103093467217852,0},",,,,,,,,,,
5.250000000000001e-7,0.9249999999999999,-0.007771452,-0.008452899,0,,,,,"{5.250000000000001e-7,0.9249999999999999,-0.00777145202402491,-0.00845289869545129,0},",,,,,,,,,,
5.5e-7,0.9249999999999999,-0.006342475,-0.007023922,0,,,,,"{5.5e-7,0.9249999999999999,-0.00634247527173075,-0.00702392194315714,0},",,,,,,,,,,
5.75e-7,0.9249999999999999,-0.00522387,-0.005905317,0,,,,,"{5.75e-7,0.9249999999999999,-0.00522387049110174,-0.00590531716252812,0},",,,,,,,,,,
6.e-7,0.9249999999999999,-0.004336294,-0.00501774,0,,,,,"{6.e-7,0.9249999999999999,-0.00433629381914699,-0.00501774049057337,0},",,,,,,,,,,
6.25e-7,0.9249999999999999,-0.003623754,-0.0043052,0,,,,,"{6.25e-7,0.9249999999999999,-0.0036237537630553,-0.00430520043448168,0},",,,,,,,,,,
6.5e-7,0.9249999999999999,-0.003045587,-0.003727034,0,,,,,"{6.5e-7,0.9249999999999999,-0.00304558726995906,-0.00372703394138544,0},",,,,,,,,,,
6.750000000000001e-7,0.9249999999999999,-0.002571566,-0.003253013,0,,,,,"{6.750000000000001e-7,0.9249999999999999,-0.00257156609169077,-0.00325301276311715,0},",,,,,,,,,,
7.000000000000001e-7,0.9249999999999999,-0.002178683,-0.002860129,0,,,,,"{7.000000000000001e-7,0.9249999999999999,-0.00217868280328317,-0.00286012947470955,0},",,,,,,,,,,
7.25e-7,0.9249999999999999,-0.00184886,-0.002530306,0,,,,,"{7.25e-7,0.9249999999999999,-0.00184885975716219,-0.00253030642858857,0},",,,,,,,,,,
7.5e-7,0.9249999999999999,-0.001567067,-0.002248514,0,,,,,"{7.5e-7,0.9249999999999999,-0.0015670670580749,-0.00224851372950128,0},",,,,,,,,,,
7.75e-7,0.9249999999999999,-0.00131933,-0.002000777,0,,,,,"{7.75e-7,0.9249999999999999,-0.00131933013082559,-0.00200077680225198,0},",,,,,,,,,,
8.e-7,0.9249999999999999,-0.001090035,-0.001771482,0,,,,,"{8.e-7,0.9249999999999999,-0.00109003506459167,-0.00177148173601805,0},",,,,,,,,,,
8.249999999999999e-7,0.9249999999999999,-0.000858894,-0.001540341,0,,,,,"{8.249999999999999e-7,0.9249999999999999,-0.00085889391661402,-0.0015403405880404,0},",,,,,,,,,,
8.500000000000001e-7,0.9249999999999999,-0.000604752,-0.001286198,0,,,,,"{8.500000000000001e-7,0.9249999999999999,-0.000604751600913476,-0.00128619827233985,0},",,,,,,,,,,
8.750000000000001e-7,0.9249999999999999,-0.000339268,-0.001020715,0,,,,,"{8.750000000000001e-7,0.9249999999999999,-0.000339268360788404,-0.00102071503221478,0},",,,,,,,,,,
9.000000000000001e-7,0.9249999999999999,-0.000133491,-0.000814937,0,,,,,"{9.000000000000001e-7,0.9249999999999999,-0.000133490651334829,-0.00081493732276121,0},",,,,,,,,,,
9.25e-7,0.9249999999999999,-1.14475E-05,-0.000692894,0,,,,,"{9.25e-7,0.9249999999999999,-1.14474517862201E-05,-0.0006928941232126,0},",,,,,,,,,,
9.5e-7,0.9249999999999999,6.03979E-05,-0.000621049,0,,,,,"{9.5e-7,0.9249999999999999,6.03978665273385E-05,-0.000621048804899042,0},",,,,,,,,,,
9.75e-7,0.9249999999999999,0.000106204,-0.000575243,0,,,,,"{9.75e-7,0.9249999999999999,0.000106204167528325,-0.000575242503898055,0},",,,,,,,,,,
1.0000000000000002e-6,0.9249999999999999,0.000137377,-0.000544069,0,,,,,"{1.0000000000000002e-6,0.9249999999999999,0.00013737732740171,-0.00054406934402467,0},",,,,,,,,,,
1.025e-6,0.9249999999999999,0.000159726,-0.00052172,0,,,,,"{1.025e-6,0.9249999999999999,0.000159726278419491,-0.000521720393006889,0},",,,,,,,,,,
1.0500000000000001e-6,0.9249999999999999,0.000176456,-0.00050499,0,,,,,"{1.0500000000000001e-6,0.9249999999999999,0.00017645628889901,-0.000504990382527369,0},",,,,,,,,,,
1.075e-6,0.9249999999999999,0.000189318,-0.000492129,0,,,,,"{1.075e-6,0.9249999999999999,0.000189317826146994,-0.000492128845279386,0},",,,,,,,,,,
1.1e-6,0.9249999999999999,0.000200203,-0.000481244,0,,,,,"{1.1e-6,0.9249999999999999,0.000200202565487636,-0.000481244105938744,0},",,,,,,,,,,
1.125e-6,0.9249999999999999,0.000210123,-0.000471323,0,,,,,"{1.125e-6,0.9249999999999999,0.000210123322899503,-0.000471323348526877,0},",,,,,,,,,,
1.15e-6,0.9249999999999999,0.000220407,-0.00046104,0,,,,,"{1.15e-6,0.9249999999999999,0.000220406626948488,-0.000461040044477892,0},",,,,,,,,,,
1.1750000000000002e-6,0.9249999999999999,0.00023343,-0.000448017,0,,,,,"{1.1750000000000002e-6,0.9249999999999999,0.000233429887544442,-0.000448016783881938,0},",,,,,,,,,,
1.2000000000000002e-6,0.9249999999999999,0.000251306,-0.000430141,0,,,,,"{1.2000000000000002e-6,0.9249999999999999,0.000251306141179674,-0.000430140530246705,0},",,,,,,,,,,
1.2250000000000001e-6,0.9249999999999999,0.000280117,-0.00040133,0,,,,,"{1.2250000000000001e-6,0.9249999999999999,0.000280116917374965,-0.000401329754051415,0},",,,,,,,,,,
1.25e-6,0.9249999999999999,0.00032595,-0.000355496,0,,,,,"{1.25e-6,0.9249999999999999,0.000325950441016255,-0.000355496230410125,0},",,,,,,,,,,
1.275e-6,0.9249999999999999,0.000398273,-0.000283174,0,,,,,"{1.275e-6,0.9249999999999999,0.000398273020977123,-0.000283173650449257,0},",,,,,,,,,,
1.3e-6,0.9249999999999999,0.000491956,-0.000189491,0,,,,,"{1.3e-6,0.9249999999999999,0.000491955673899605,-0.000189490997526775,0},",,,,,,,,,,
1.325e-6,0.9249999999999999,0.00057354,-0.000107906,0,,,,,"{1.325e-6,0.9249999999999999,0.000573540479235085,-0.000107906192191295,0},",,,,,,,,,,
1.35e-6,0.9249999999999999,0.000612704,-6.87425E-05,0,,,,,"{1.35e-6,0.9249999999999999,0.00061270420125491,-6.87424701714704E-05,0},",,,,,,,,,,
1.375e-6,0.9249999999999999,0.000616844,-6.46028E-05,0,,,,,"{1.375e-6,0.9249999999999999,0.000616843841029702,-6.46028303966783E-05,0},",,,,,,,,,,
1.4e-6,0.9249999999999999,0.00060488,-7.65665E-05,0,,,,,"{1.4e-6,0.9249999999999999,0.000604880135359912,-7.65665360664686E-05,0},",,,,,,,,,,
1.4250000000000001e-6,0.9249999999999999,0.000589629,-9.18177E-05,0,,,,,"{1.4250000000000001e-6,0.9249999999999999,0.000589628982473029,-9.18176889533509E-05,0},",,,,,,,,,,
1.45e-6,0.9249999999999999,0.00057429,-0.000107157,0,,,,,"{1.45e-6,0.9249999999999999,0.000574289553936316,-0.000107157117490064,0},",,,,,,,,,,
1.4750000000000003e-6,0.9249999999999999,0.000557285,-0.000124162,0,,,,,"{1.4750000000000003e-6,0.9249999999999999,0.000557284676606378,-0.000124161994820001,0},",,,,,,,,,,
1.5e-6,0.9249999999999999,0.00054199,-0.000139456,0,,,,,"{1.5e-6,0.9249999999999999,0.000541990260192508,-0.000139456411233872,0},",,,,,,,,,,
2.5e-7,0.9299999999999999,-0.181953801,-0.182853028,0,,,,,"{2.5e-7,0.9299999999999999,-0.181953801388386,-0.182853028232744,0},",,,,,,,,,,
2.75e-7,0.9299999999999999,-0.12278876,-0.123687987,0,,,,,"{2.75e-7,0.9299999999999999,-0.122788760324357,-0.123687987168715,0},",,,,,,,,,,
3.e-7,0.9299999999999999,-0.085781861,-0.086681087,0,,,,,"{3.e-7,0.9299999999999999,-0.0857818605244921,-0.0866810873688503,0},",,,,,,,,,,
3.25e-7,0.9299999999999999,-0.061670968,-0.062570195,0,,,,,"{3.25e-7,0.9299999999999999,-0.0616709684772873,-0.0625701953216454,0},",,,,,,,,,,
3.5e-7,0.9299999999999999,-0.045401559,-0.046300786,0,,,,,"{3.5e-7,0.9299999999999999,-0.0454015590818437,-0.0463007859262018,0},",,,,,,,,,,
3.75e-7,0.9299999999999999,-0.03406714,-0.034966366,0,,,,,"{3.75e-7,0.9299999999999999,-0.0340671395095731,-0.0349663663539312,0},",,,,,,,,,,
4.e-7,0.9299999999999999,-0.025905046,-0.026804273,0,,,,,"{4.e-7,0.9299999999999999,-0.0259050458049147,-0.0268042726492729,0},",,,,,,,,,,
4.25e-7,0.9299999999999999,-0.019798141,-0.020697368,0,,,,,"{4.25e-7,0.9299999999999999,-0.0197981408654311,-0.0206973677097893,0},",,,,,,,,,,
4.5000000000000003e-7,0.9299999999999999,-0.015151713,-0.01605094,0,,,,,"{4.5000000000000003e-7,0.9299999999999999,-0.0151517127539092,-0.0160509395982674,0},",,,,,,,,,,
4.75e-7,0.9299999999999999,-0.011752865,-0.012652092,0,,,,,"{4.75e-7,0.9299999999999999,-0.0117528651531608,-0.0126520919975189,0},",,,,,,,,,,
5.000000000000001e-7,0.9299999999999999,-0.009290397,-0.010189624,0,,,,,"{5.000000000000001e-7,0.9299999999999999,-0.0092903967143277,-0.0101896235586858,0},",,,,,,,,,,
5.250000000000001e-7,0.9299999999999999,-0.00745497,-0.008354197,0,,,,,"{5.250000000000001e-7,0.9299999999999999,-0.00745496991273298,-0.00835419675709113,0},",,,,,,,,,,
5.5e-7,0.9299999999999999,-0.006051546,-0.006950772,0,,,,,"{5.5e-7,0.9299999999999999,-0.00605154562081141,-0.00695077246516955,0},",,,,,,,,,,
5.75e-7,0.9299999999999999,-0.004958255,-0.005857482,0,,,,,"{5.75e-7,0.9299999999999999,-0.00495825510984199,-0.00585748195420013,0},",,,,,,,,,,
6.e-7,0.9299999999999999,-0.004094011,-0.004993238,0,,,,,"{6.e-7,0.9299999999999999,-0.0040940109602488,-0.00499323780460695,0},",,,,,,,,,,
6.25e-7,0.9299999999999999,-0.003402251,-0.004301478,0,,,,,"{6.25e-7,0.9299999999999999,-0.00340225073524568,-0.00430147757960383,0},",,,,,,,,,,
6.5e-7,0.9299999999999999,-0.002842193,-0.00374142,0,,,,,"{6.5e-7,0.9299999999999999,-0.00284219268528155,-0.00374141952963969,0},",,,,,,,,,,
6.750000000000001e-7,0.9299999999999999,-0.002383636,-0.003282863,0,,,,,"{6.750000000000001e-7,0.9299999999999999,-0.00238363590948494,-0.00328286275384308,0},",,,,,,,,,,
7.000000000000001e-7,0.9299999999999999,-0.002003591,-0.002902817,0,,,,,"{7.000000000000001e-7,0.9299999999999999,-0.0020035906453314,-0.00290281748968955,0},",,,,,,,,,,
7.25e-7,0.9299999999999999,-0.001683868,-0.002583094,0,,,,,"{7.25e-7,0.9299999999999999,-0.00168386763958774,-0.00258309448394588,0},",,,,,,,,,,
7.5e-7,0.9299999999999999,-0.001409031,-0.002308258,0,,,,,"{7.5e-7,0.9299999999999999,-0.00140903128247609,-0.00230825812683423,0},",,,,,,,,,,
7.75e-7,0.9299999999999999,-0.001164086,-0.002063313,0,,,,,"{7.75e-7,0.9299999999999999,-0.00116408583899296,-0.0020633126833511,0},",,,,,,,,,,
8.e-7,0.9299999999999999,-0.00093115,-0.001830377,0,,,,,"{8.e-7,0.9299999999999999,-0.00093115008081157,-0.00183037692516971,0},",,,,,,,,,,
8.249999999999999e-7,0.9299999999999999,-0.000685619,-0.001584846,0,,,,,"{8.249999999999999e-7,0.9299999999999999,-0.000685619014214855,-0.001584845858573,0},",,,,,,,,,,
8.500000000000001e-7,0.9299999999999999,-0.000401293,-0.00130052,0,,,,,"{8.500000000000001e-7,0.9299999999999999,-0.000401293001559305,-0.00130051984591745,0},",,,,,,,,,,
8.750000000000001e-7,0.9299999999999999,-9.49027E-05,-0.000994129,0,,,,,"{8.750000000000001e-7,0.9299999999999999,-9.49026513194146E-05,-0.000994129495677559,0},",,,,,,,,,,
9.000000000000001e-7,0.9299999999999999,0.000138652,-0.000760575,0,,,,,"{9.000000000000001e-7,0.9299999999999999,0.000138651713040936,-0.000760575131317208,0},",,,,,,,,,,
9.25e-7,0.9299999999999999,0.000266671,-0.000632556,0,,,,,"{9.25e-7,0.9299999999999999,0.000266670555811016,-0.000632556288547128,0},",,,,,,,,,,
9.5e-7,0.9299999999999999,0.000332647,-0.00056658,0,,,,,"{9.5e-7,0.9299999999999999,0.00033264672934982,-0.000566580115008323,0},",,,,,,,,,,
9.75e-7,0.9299999999999999,0.000367842,-0.000531385,0,,,,,"{9.75e-7,0.9299999999999999,0.00036784196894723,-0.000531384875410913,0},",,,,,,,,,,
1.0000000000000002e-6,0.9299999999999999,0.00038679,-0.000512437,0,,,,,"{1.0000000000000002e-6,0.9299999999999999,0.000386790217646942,-0.000512436626711201,0},",,,,,,,,,,
1.025e-6,0.9299999999999999,0.000396724,-0.000502503,0,,,,,"{1.025e-6,0.9299999999999999,0.00039672352654415,-0.000502503317813993,0},",,,,,,,,,,
1.0500000000000001e-6,0.9299999999999999,0.000401507,-0.00049772,0,,,,,"{1.0500000000000001e-6,0.9299999999999999,0.000401506931960926,-0.000497719912397217,0},",,,,,,,,,,
1.075e-6,0.9299999999999999,0.000403143,-0.000496084,0,,,,,"{1.075e-6,0.9299999999999999,0.000403142854126039,-0.000496083990232104,0},",,,,,,,,,,
1.1e-6,0.9299999999999999,0.000403869,-0.000495358,0,,,,,"{1.1e-6,0.9299999999999999,0.000403868675867907,-0.000495358168490236,0},",,,,,,,,,,
1.125e-6,0.9299999999999999,0.000404799,-0.000494428,0,,,,,"{1.125e-6,0.9299999999999999,0.000404798841992719,-0.000494428002365424,0},",,,,,,,,,,
1.15e-6,0.9299999999999999,0.000407496,-0.000491731,0,,,,,"{1.15e-6,0.9299999999999999,0.000407496172476579,-0.000491730671881565,0},",,,,,,,,,,
1.1750000000000002e-6,0.9299999999999999,0.000414936,-0.000484291,0,,,,,"{1.1750000000000002e-6,0.9299999999999999,0.000414935606320306,-0.000484291238037837,0},",,,,,,,,,,
1.2000000000000002e-6,0.9299999999999999,0.000429765,-0.000469462,0,,,,,"{1.2000000000000002e-6,0.9299999999999999,0.000429764773869406,-0.000469462070488737,0},",,,,,,,,,,
1.2250000000000001e-6,0.9299999999999999,0.000459888,-0.000439339,0,,,,,"{1.2250000000000001e-6,0.9299999999999999,0.000459887904878822,-0.000439338939479321,0},",,,,,,,,,,
1.25e-6,0.9299999999999999,0.000513235,-0.000385992,0,,,,,"{1.25e-6,0.9299999999999999,0.000513234515339258,-0.000385992329018886,0},",,,,,,,,,,
1.275e-6,0.9299999999999999,0.000602221,-0.000297005,0,,,,,"{1.275e-6,0.9299999999999999,0.000602221449252695,-0.000297005395105448,0},",,,,,,,,,,
1.3e-6,0.9299999999999999,0.000720038,-0.000179189,0,,,,,"{1.3e-6,0.9299999999999999,0.000720037551618984,-0.00017918929273916,0},",,,,,,,,,,
1.325e-6,0.9299999999999999,0.000822468,-7.67585E-05,0,,,,,"{1.325e-6,0.9299999999999999,0.000822468354678689,-7.67584896794547E-05,0},",,,,,,,,,,
1.35e-6,0.9299999999999999,0.000869393,-2.98337E-05,0,,,,,"{1.35e-6,0.9299999999999999,0.000869393192377124,-2.98336519810197E-05,0},",,,,,,,,,,
1.375e-6,0.9299999999999999,0.000867298,-3.19292E-05,0,,,,,"{1.375e-6,0.9299999999999999,0.000867297652420438,-3.19291919377055E-05,0},",,,,,,,,,,
1.4e-6,0.9299999999999999,0.000847809,-5.14176E-05,0,,,,,"{1.4e-6,0.9299999999999999,0.000847809254423621,-0.000051417589934523,0},",,,,,,,,,,
1.4250000000000001e-6,0.9299999999999999,0.000824293,-7.49336E-05,0,,,,,"{1.4250000000000001e-6,0.9299999999999999,0.000824293237757127,-7.49336066010169E-05,0},",,,,,,,,,,
1.45e-6,0.9299999999999999,0.000800947,-9.82802E-05,0,,,,,"{1.45e-6,0.9299999999999999,0.000800946598049747,-9.82802463083973E-05,0},",,,,,,,,,,
1.4750000000000003e-6,0.9299999999999999,0.000775655,-0.000123572,0,,,,,"{1.4750000000000003e-6,0.9299999999999999,0.00077565496050456,-0.000123571883853583,0},",,,,,,,,,,
1.5e-6,0.9299999999999999,0.00075285,-0.000146377,0,,,,,"{1.5e-6,0.9299999999999999,0.000752849646624901,-0.000146377197733242,0},",,,,,,,,,,
2.5e-7,0.9349999999999999,-0.181857931,-0.183045265,0,,,,,"{2.5e-7,0.9349999999999999,-0.181857931206802,-0.18304526522244,0},",,,,,,,,,,
2.75e-7,0.9349999999999999,-0.122696147,-0.123883481,0,,,,,"{2.75e-7,0.9349999999999999,-0.122696146603285,-0.123883480618923,0},",,,,,,,,,,
3.e-7,0.9349999999999999,-0.085687711,-0.086875045,0,,,,,"{3.e-7,0.9349999999999999,-0.0856877109730691,-0.0868750449887075,0},",,,,,,,,,,
3.25e-7,0.9349999999999999,-0.061570002,-0.062757336,0,,,,,"{3.25e-7,0.9349999999999999,-0.0615700015310617,-0.0627573355467001,0},",,,,,,,,,,
3.5e-7,0.9349999999999999,-0.045286258,-0.046473592,0,,,,,"{3.5e-7,0.9349999999999999,-0.0452862577940175,-0.046473591809656,0},",,,,,,,,,,
3.75e-7,0.9349999999999999,-0.033924383,-0.035111717,0,,,,,"{3.75e-7,0.9349999999999999,-0.0339243829501413,-0.0351117169657797,0},",,,,,,,,,,
4.e-7,0.9349999999999999,-0.025709216,-0.02689655,0,,,,,"{4.e-7,0.9349999999999999,-0.0257092162138096,-0.026896550229448,0},",,,,,,,,,,
4.25e-7,0.9349999999999999,-0.019507125,-0.020694459,0,,,,,"{4.25e-7,0.9349999999999999,-0.0195071250466679,-0.0206944590623063,0},",,,,,,,,,,
4.5000000000000003e-7,0.9349999999999999,-0.014750503,-0.015937837,0,,,,,"{4.5000000000000003e-7,0.9349999999999999,-0.0147505027204811,-0.0159378367361195,0},",,,,,,,,,,
4.75e-7,0.9349999999999999,-0.011301066,-0.0124884,0,,,,,"{4.75e-7,0.9349999999999999,-0.0113010657932579,-0.0124883998088963,0},",,,,,,,,,,
5.000000000000001e-7,0.9349999999999999,-0.008843885,-0.010031219,0,,,,,"{5.000000000000001e-7,0.9349999999999999,-0.00884388468921994,-0.0100312187048583,0},",,,,,,,,,,
5.250000000000001e-7,0.9349999999999999,-0.007036258,-0.008223592,0,,,,,"{5.250000000000001e-7,0.9349999999999999,-0.00703625790102219,-0.0082235919166606,0},",,,,,,,,,,
5.5e-7,0.9349999999999999,-0.005666635,-0.006853969,0,,,,,"{5.5e-7,0.9349999999999999,-0.005666635314352,-0.00685396932999041,0},",,,,,,,,,,
5.75e-7,0.9349999999999999,-0.004606834,-0.005794168,0,,,,,"{5.75e-7,0.9349999999999999,-0.00460683440311627,-0.00579416841875468,0},",,,,,,,,,,
6.e-7,0.9349999999999999,-0.003773459,-0.004960793,0,,,,,"{6.e-7,0.9349999999999999,-0.00377345943677161,-0.00496079345241002,0},",,,,,,,,,,
6.25e-7,0.9349999999999999,-0.003109192,-0.004296526,0,,,,,"{6.25e-7,0.9349999999999999,-0.00310919194444614,-0.00429652596008455,0},",,,,,,,,,,
6.5e-7,0.9349999999999999,-0.002573093,-0.003760427,0,,,,,"{6.5e-7,0.9349999999999999,-0.00257309287174315,-0.00376042688738156,0},",,,,,,,,,,
6.750000000000001e-7,0.9349999999999999,-0.002134997,-0.003322331,0,,,,,"{6.750000000000001e-7,0.9349999999999999,-0.00213499745444091,-0.00332233147007932,0},",,,,,,,,,,
7.000000000000001e-7,0.9349999999999999,-0.001771939,-0.002959273,0,,,,,"{7.000000000000001e-7,0.9349999999999999,-0.00177193944431857,-0.00295927345995698,0},",,,,,,,,,,
7.25e-7,0.9349999999999999,-0.001465582,-0.002652916,0,,,,,"{7.25e-7,0.9349999999999999,-0.00146558235457313,-0.00265291637021154,0},",,,,,,,,,,
7.5e-7,0.9349999999999999,-0.001199955,-0.002387289,0,,,,,"{7.5e-7,0.9349999999999999,-0.00119995478221499,-0.0023872887978534,0},",,,,,,,,,,
7.75e-7,0.9349999999999999,-0.000958712,-0.002146046,0,,,,,"{7.75e-7,0.9349999999999999,-0.000958712122373063,-0.00214604613801147,0},",,,,,,,,,,
8.e-7,0.9349999999999999,-0.000720978,-0.001908312,0,,,,,"{8.e-7,0.9349999999999999,-0.000720977514413017,-0.00190831153005142,0},",,,,,,,,,,
8.249999999999999e-7,0.9349999999999999,-0.000456438,-0.001643772,0,,,,,"{8.249999999999999e-7,0.9349999999999999,-0.000456438308907712,-0.00164377232454612,0},",,,,,,,,,,
8.500000000000001e-7,0.9349999999999999,-0.000132209,-0.001319543,0,,,,,"{8.500000000000001e-7,0.9349999999999999,-0.000132209255715955,-0.00131954327135436,0},",,,,,,,,,,
8.750000000000001e-7,0.9349999999999999,0.000228311,-0.000959023,0,,,,,"{8.750000000000001e-7,0.9349999999999999,0.000228311468269513,-0.000959022547368896,0},",,,,,,,,,,
9.000000000000001e-7,0.9349999999999999,0.000498657,-0.000688677,0,,,,,"{9.000000000000001e-7,0.9349999999999999,0.000498656896541415,-0.000688677119096994,0},",,,,,,,,,,
9.25e-7,0.9349999999999999,0.000634609,-0.000552725,0,,,,,"{9.25e-7,0.9349999999999999,0.000634609453359211,-0.000552724562279198,0},",,,,,,,,,,
9.5e-7,0.9349999999999999,0.000692834,-0.0004945,0,,,,,"{9.5e-7,0.9349999999999999,0.000692833559800148,-0.000494500455838261,0},",,,,,,,,,,
9.75e-7,0.9349999999999999,0.000713996,-0.000473338,0,,,,,"{9.75e-7,0.9349999999999999,0.000713996027536386,-0.000473337988102023,0},",,,,,,,,,,
1.0000000000000002e-6,0.9349999999999999,0.000712139,-0.000475195,0,,,,,"{1.0000000000000002e-6,0.9349999999999999,0.000712139453314955,-0.000475194562323454,0},",,,,,,,,,,
1.025e-6,0.9349999999999999,0.000701661,-0.000485673,0,,,,,"{1.025e-6,0.9349999999999999,0.000701661331677829,-0.00048567268396058,0},",,,,,,,,,,
1.0500000000000001e-6,0.9349999999999999,0.000688663,-0.000498671,0,,,,,"{1.0500000000000001e-6,0.9349999999999999,0.000688663429606855,-0.000498670586031554,0},",,,,,,,,,,
1.075e-6,0.9349999999999999,0.000675904,-0.00051143,0,,,,,"{1.075e-6,0.9349999999999999,0.000675904337675734,-0.000511429677962675,0},",,,,,,,,,,
1.1e-6,0.9349999999999999,0.000664178,-0.000523156,0,,,,,"{1.1e-6,0.9349999999999999,0.000664178228895325,-0.000523155786743084,0},",,,,,,,,,,
1.125e-6,0.9349999999999999,0.000656172,-0.000531162,0,,,,,"{1.125e-6,0.9349999999999999,0.000656171739876286,-0.000531162275762123,0},",,,,,,,,,,
1.15e-6,0.9349999999999999,0.000654233,-0.000533101,0,,,,,"{1.15e-6,0.9349999999999999,0.000654232712252663,-0.000533101303385746,0},",,,,,,,,,,
1.1750000000000002e-6,0.9349999999999999,0.000655063,-0.000532271,0,,,,,"{1.1750000000000002e-6,0.9349999999999999,0.000655062916638456,-0.000532271098999953,0},",,,,,,,,,,
1.2000000000000002e-6,0.9349999999999999,0.00066585,-0.000521484,0,,,,,"{1.2000000000000002e-6,0.9349999999999999,0.000665849971018328,-0.000521484044620081,0},",,,,,,,,,,
1.2250000000000001e-6,0.9349999999999999,0.000697692,-0.000489642,0,,,,,"{1.2250000000000001e-6,0.9349999999999999,0.000697692045777595,-0.000489641969860814,0},",,,,,,,,,,
1.25e-6,0.9349999999999999,0.000760953,-0.000426381,0,,,,,"{1.25e-6,0.9349999999999999,0.000760953011567952,-0.000426381004070457,0},",,,,,,,,,,
1.275e-6,0.9349999999999999,0.000871963,-0.000315371,0,,,,,"{1.275e-6,0.9349999999999999,0.00087196330380469,-0.000315370711833719,0},",,,,,,,,,,
1.3e-6,0.9349999999999999,0.001021712,-0.000165622,0,,,,,"{1.3e-6,0.9349999999999999,0.00102171163486849,-0.00016562238076991,0},",,,,,,,,,,
1.325e-6,0.9349999999999999,0.001151756,-3.55781E-05,0,,,,,"{1.325e-6,0.9349999999999999,0.00115175587878912,-3.55781368492826E-05,0},",,,,,,,,,,
1.35e-6,0.9349999999999999,0.001208978,2.16444E-05,0,,,,,"{1.35e-6,0.9349999999999999,0.0012089783841697,2.16443685312928E-05,0},",,,,,,,,,,
1.375e-6,0.9349999999999999,0.001198653,1.13187E-05,0,,,,,"{1.375e-6,0.9349999999999999,0.00119865272975606,1.13187141176547E-05,0},",,,,,,,,,,
1.4e-6,0.9349999999999999,0.001169213,-1.81209E-05,0,,,,,"{1.4e-6,0.9349999999999999,0.00116921313312842,-1.81208825099817E-05,0},",,,,,,,,,,
1.4250000000000001e-6,0.9349999999999999,0.001134763,-5.25711E-05,0,,,,,"{1.4250000000000001e-6,0.9349999999999999,0.00113476287317889,-5.25711424595131E-05,0},",,,,,,,,,,
1.45e-6,0.9349999999999999,0.001100824,-8.65098E-05,0,,,,,"{1.45e-6,0.9349999999999999,0.00110082423649828,-8.65097791401235E-05,0},",,,,,,,,,,
1.4750000000000003e-6,0.9349999999999999,0.001064568,-0.000122766,0,,,,,"{1.4750000000000003e-6,0.9349999999999999,0.00106456831351533,-0.00012276570212307,0},",,,,,,,,,,
1.5e-6,0.9349999999999999,0.001031824,-0.00015551,0,,,,,"{1.5e-6,0.9349999999999999,0.00103182362926239,-0.000155510386376015,0},",,,,,,,,,,
2.5e-7,0.94,-0.181730915,-0.183299941,0,,,,,"{2.5e-7,0.94,-0.181730914613839,-0.18329994138666,0},",,,,,,,,,,
2.75e-7,0.94,-0.122573448,-0.124142475,0,,,,,"{2.75e-7,0.94,-0.122573448128058,-0.124142474900879,0},",,,,,,,,,,
3.e-7,0.94,-0.085562982,-0.087132009,0,,,,,"{3.e-7,0.94,-0.0855629822801938,-0.0871320090530149,0},",,,,,,,,,,
3.25e-7,0.94,-0.061436248,-0.063005274,0,,,,,"{3.25e-7,0.94,-0.0614362475313533,-0.0630052743041744,0},",,,,,,,,,,
3.5e-7,0.94,-0.045133525,-0.046702552,0,,,,,"{3.5e-7,0.94,-0.045133524871864,-0.0467025516446851,0},",,,,,,,,,,
3.75e-7,0.94,-0.0337353,-0.035304327,0,,,,,"{3.75e-7,0.94,-0.0337353001829478,-0.0353043269557689,0},",,,,,,,,,,
4.e-7,0.94,-0.025449869,-0.027018896,0,,,,,"{4.e-7,0.94,-0.0254498690238242,-0.0270188957966452,0},",,,,,,,,,,
4.25e-7,0.94,-0.019121727,-0.020690753,0,,,,,"{4.25e-7,0.94,-0.0191217267120905,-0.0206907534849115,0},",,,,,,,,,,
4.5000000000000003e-7,0.94,-0.014219071,-0.015788098,0,,,,,"{4.5000000000000003e-7,0.94,-0.0142190711207509,-0.015788097893572,0},",,,,,,,,,,
4.75e-7,0.94,-0.010702521,-0.012271547,0,,,,,"{4.75e-7,0.94,-0.0107025205471722,-0.0122715473199932,0},",,,,,,,,,,
5.000000000000001e-7,0.94,-0.008252298,-0.009821325,0,,,,,"{5.000000000000001e-7,0.94,-0.00825229773829295,-0.00982132451111403,0},",,,,,,,,,,
5.250000000000001e-7,0.94,-0.006481485,-0.008050511,0,,,,,"{5.250000000000001e-7,0.94,-0.00648148452377248,-0.00805051129659355,0},",,,,,,,,,,
5.5e-7,0.94,-0.005156639,-0.006725666,0,,,,,"{5.5e-7,0.94,-0.00515663934455291,-0.00672566611737398,0},",,,,,,,,,,
5.75e-7,0.94,-0.004141208,-0.005710234,0,,,,,"{5.75e-7,0.94,-0.00414120761761556,-0.00571023439043664,0},",,,,,,,,,,
6.e-7,0.94,-0.003348732,-0.004917759,0,,,,,"{6.e-7,0.94,-0.00334873249170598,-0.00491775926452706,0},",,,,,,,,,,
6.25e-7,0.94,-0.002720893,-0.004289919,0,,,,,"{6.25e-7,0.94,-0.00272089262316453,-0.0042899193959856,0},",,,,,,,,,,
6.5e-7,0.94,-0.00221654,-0.003785567,0,,,,,"{6.5e-7,0.94,-0.0022165400684782,-0.00378556684129927,0},",,,,,,,,,,
6.750000000000001e-7,0.94,-0.001805558,-0.003374585,0,,,,,"{6.750000000000001e-7,0.94,-0.0018055578647198,-0.00337458463754087,0},",,,,,,,,,,
7.000000000000001e-7,0.94,-0.001465011,-0.003034038,0,,,,,"{7.000000000000001e-7,0.94,-0.00146501117516304,-0.00303403794798412,0},",,,,,,,,,,
7.25e-7,0.94,-0.001176369,-0.002745396,0,,,,,"{7.25e-7,0.94,-0.00117636917524026,-0.00274539594806133,0},",,,,,,,,,,
7.5e-7,0.94,-0.000922952,-0.002491979,0,,,,,"{7.5e-7,0.94,-0.000922952267006937,-0.00249197903982801,0},",,,,,,,,,,
7.75e-7,0.94,-0.000686632,-0.002255659,0,,,,,"{7.75e-7,0.94,-0.000686632408833941,-0.00225565918165501,0},",,,,,,,,,,
8.e-7,0.94,-0.000442571,-0.002011598,0,,,,,"{8.e-7,0.94,-0.00044257079930769,-0.00201159757212876,0},",,,,,,,,,,
8.249999999999999e-7,0.94,-0.000152899,-0.001721926,0,,,,,"{8.249999999999999e-7,0.94,-0.000152899244231754,-0.00172192601705282,0},",,,,,,,,,,
8.500000000000001e-7,0.94,0.000224146,-0.001344881,0,,,,,"{8.500000000000001e-7,0.94,0.000224145807311267,-0.0013448809655098,0},",,,,,,,,,,
8.750000000000001e-7,0.94,0.000656403,-0.000912624,0,,,,,"{8.750000000000001e-7,0.94,0.000656403144843982,-0.000912623627977092,0},",,,,,,,,,,
9.000000000000001e-7,0.94,0.000975569,-0.000593458,0,,,,,"{9.000000000000001e-7,0.94,0.000975568557531006,-0.000593458215290068,0},",,,,,,,,,,
9.25e-7,0.94,0.001122082,-0.000446945,0,,,,,"{9.25e-7,0.94,0.00112208167811329,-0.00044694509470778,0},",,,,,,,,,,
9.5e-7,0.94,0.001170057,-0.000398969,0,,,,,"{9.5e-7,0.94,0.00117005732829419,-0.000398969444526884,0},",,,,,,,,,,
9.75e-7,0.94,0.001158718,-0.000410309,0,,,,,"{9.75e-7,0.94,0.00115871792957626,-0.000410308843244808,0},",,,,,,,,,,
1.0000000000000002e-6,0.94,0.001131938,-0.000437089,0,,,,,"{1.0000000000000002e-6,0.94,0.00113193818728319,-0.00043708858553788,0},",,,,,,,,,,
1.025e-6,0.94,0.001100264,-0.000468763,0,,,,,"{1.025e-6,0.94,0.00110026416781479,-0.000468762605006277,0},",,,,,,,,,,
1.0500000000000001e-6,0.94,0.001067285,-0.000501742,0,,,,,"{1.0500000000000001e-6,0.94,0.00106728526691652,-0.000501741505904546,0},",,,,,,,,,,
1.075e-6,0.94,0.001036379,-0.000532648,0,,,,,"{1.075e-6,0.94,0.00103637856419722,-0.000532648208623846,0},",,,,,,,,,,
1.1e-6,0.94,0.00100836,-0.000560667,0,,,,,"{1.1e-6,0.94,0.00100835984492931,-0.000560666927891764,0},",,,,,,,,,,
1.125e-6,0.94,0.000986588,-0.000582439,0,,,,,"{1.125e-6,0.94,0.000986587634471644,-0.00058243913834943,0},",,,,,,,,,,
1.15e-6,0.94,0.000973989,-0.000595037,0,,,,,"{1.15e-6,0.94,0.000973989290701544,-0.00059503748211953,0},",,,,,,,,,,
1.1750000000000002e-6,0.94,0.000973206,-0.000595821,0,,,,,"{1.1750000000000002e-6,0.94,0.000973205612827552,-0.000595821159993522,0},",,,,,,,,,,
1.2000000000000002e-6,0.94,0.000978618,-0.000590409,0,,,,,"{1.2000000000000002e-6,0.94,0.000978618244516263,-0.000590408528304811,0},",,,,,,,,,,
1.2250000000000001e-6,0.94,0.001012708,-0.000556319,0,,,,,"{1.2250000000000001e-6,0.94,0.00101270751954223,-0.00055631925327884,0},",,,,,,,,,,
1.25e-6,0.94,0.00108906,-0.000479967,0,,,,,"{1.25e-6,0.94,0.00108905970187987,-0.000479967070941196,0},",,,,,,,,,,
1.275e-6,0.94,0.001229208,-0.000339819,0,,,,,"{1.275e-6,0.94,0.00122920793790829,-0.000339818834912777,0},",,,,,,,,,,
1.3e-6,0.94,0.00142127,-0.000147756,0,,,,,"{1.3e-6,0.94,0.00142127042363504,-0.000147756349186035,0},",,,,,,,,,,
1.325e-6,0.94,0.00158796,1.89335E-05,0,,,,,"{1.325e-6,0.94,0.00158796029932133,1.89335265002616E-05,0},",,,,,,,,,,
1.35e-6,0.94,0.001658879,8.98518E-05,0,,,,,"{1.35e-6,0.94,0.00165887856144061,8.98517886195374E-05,0},",,,,,,,,,,
1.375e-6,0.94,0.001637682,6.86552E-05,0,,,,,"{1.375e-6,0.94,0.0016376819771436,0.000068655204322526,0},",,,,,,,,,,
1.4e-6,0.94,0.001595065,2.6038E-05,0,,,,,"{1.4e-6,0.94,0.00159506474793408,2.60379751130092E-05,0},",,,,,,,,,,
1.4250000000000001e-6,0.94,0.001546128,-2.28991E-05,0,,,,,"{1.4250000000000001e-6,0.94,0.00154612771557697,-2.28990572440981E-05,0},",,,,,,,,,,
1.45e-6,0.94,0.001498158,-7.08686E-05,0,,,,,"{1.45e-6,0.94,0.00149815817291625,-7.08685999048163E-05,0},",,,,,,,,,,
1.4750000000000003e-6,0.94,0.001447374,-0.000121653,0,,,,,"{1.4750000000000003e-6,0.94,0.00144737381334471,-0.000121652959476355,0},",,,,,,,,,,
1.5e-6,0.94,0.001401456,-0.000167571,0,,,,,"{1.5e-6,0.94,0.00140145588909118,-0.000167570883729887,0},",,,,,,,,,,
2.5e-7,0.945,-0.181562308,-0.183637982,0,,,,,"{2.5e-7,0.945,-0.181562307720781,-0.183637982330893,0},",,,,,,,,,,
2.75e-7,0.945,-0.12241058,-0.124486254,0,,,,,"{2.75e-7,0.945,-0.122410579767507,-0.124486254377619,0},",,,,,,,,,,
3.e-7,0.945,-0.085397427,-0.087473102,0,,,,,"{3.e-7,0.945,-0.085397426963699,-0.0874731015738109,0},",,,,,,,,,,
3.25e-7,0.945,-0.061258724,-0.063334398,0,,,,,"{3.25e-7,0.945,-0.0612587238344849,-0.0633343984445968,0},",,,,,,,,,,
3.5e-7,0.945,-0.04493083,-0.047006504,0,,,,,"{3.5e-7,0.945,-0.0449308295275916,-0.0470065041377035,0},",,,,,,,,,,
3.75e-7,0.945,-0.033484397,-0.035560071,0,,,,,"{3.75e-7,0.945,-0.0334843967173569,-0.0355600713274688,0},",,,,,,,,,,
4.e-7,0.945,-0.025105783,-0.027181458,0,,,,,"{4.e-7,0.945,-0.025105783373885,-0.0271814579839969,0},",,,,,,,,,,
4.25e-7,0.945,-0.01861042,-0.020686095,0,,,,,"{4.25e-7,0.945,-0.0186104199942965,-0.0206860946044084,0},",,,,,,,,,,
4.5000000000000003e-7,0.945,-0.013513846,-0.01558952,0,,,,,"{4.5000000000000003e-7,0.945,-0.0135138456485271,-0.015589520258639,0},",,,,,,,,,,
4.75e-7,0.945,-0.00990805,-0.011983724,0,,,,,"{4.75e-7,0.945,-0.00990804968256875,-0.0119837242926806,0},",,,,,,,,,,
5.000000000000001e-7,0.945,-0.007466981,-0.009542656,0,,,,,"{5.000000000000001e-7,0.945,-0.00746698131170882,-0.00954265592182074,0},",,,,,,,,,,
5.250000000000001e-7,0.945,-0.005745004,-0.007820679,0,,,,,"{5.250000000000001e-7,0.945,-0.00574500400216759,-0.00782067861227952,0},",,,,,,,,,,
5.5e-7,0.945,-0.004479588,-0.006555262,0,,,,,"{5.5e-7,0.945,-0.00447958787516903,-0.00655526248528096,0},",,,,,,,,,,
5.75e-7,0.945,-0.003523053,-0.005598727,0,,,,,"{5.75e-7,0.945,-0.00352305259169892,-0.00559872720181085,0},",,,,,,,,,,
6.e-7,0.945,-0.002784873,-0.004860547,0,,,,,"{6.e-7,0.945,-0.00278487277743058,-0.0048605473875425,0},",,,,,,,,,,
6.25e-7,0.945,-0.002205394,-0.004281068,0,,,,,"{6.25e-7,0.945,-0.00220539369452323,-0.00428106830463515,0},",,,,,,,,,,
6.5e-7,0.945,-0.001743189,-0.003818864,0,,,,,"{6.5e-7,0.945,-0.00174318926934362,-0.00381886387945555,0},",,,,,,,,,,
6.750000000000001e-7,0.945,-0.001368206,-0.00344388,0,,,,,"{6.750000000000001e-7,0.945,-0.00136820585889222,-0.00344388046900415,0},",,,,,,,,,,
7.000000000000001e-7,0.945,-0.001057551,-0.003133225,0,,,,,"{7.000000000000001e-7,0.945,-0.00105755077517617,-0.00313322538528809,0},",,,,,,,,,,
7.25e-7,0.945,-0.000792437,-0.002868111,0,,,,,"{7.25e-7,0.945,-0.000792436500844829,-0.00286811111095675,0},",,,,,,,,,,
7.5e-7,0.945,-0.000555246,-0.002630921,0,,,,,"{7.5e-7,0.945,-0.000555246276043075,-0.002630920886155,0},",,,,,,,,,,
7.75e-7,0.945,-0.000325491,-0.002401166,0,,,,,"{7.75e-7,0.945,-0.000325491066029105,-0.00240116567614103,0},",,,,,,,,,,
8.e-7,0.945,-7.3085E-05,-0.00214876,0,,,,,"{8.e-7,0.945,-7.30849712802441E-05,-0.00214875958139217,0},",,,,,,,,,,
8.249999999999999e-7,0.945,0.000249858,-0.001825816,0,,,,,"{8.249999999999999e-7,0.945,0.000249858410540079,-0.00182581619957184,0},",,,,,,,,,,
8.500000000000001e-7,0.945,0.000696924,-0.00137875,0,,,,,"{8.500000000000001e-7,0.945,0.000696924143991112,-0.00137875046612081,0},",,,,,,,,,,
8.750000000000001e-7,0.945,0.001224443,-0.000851232,0,,,,,"{8.750000000000001e-7,0.945,0.00122444290218784,-0.00085123170792408,0},",,,,,,,,,,
9.000000000000001e-7,0.945,0.001608548,-0.000467127,0,,,,,"{9.000000000000001e-7,0.945,0.00160854781708435,-0.00046712679302757,0},",,,,,,,,,,
9.25e-7,0.945,0.001769166,-0.000306508,0,,,,,"{9.25e-7,0.945,0.00176916623905714,-0.000306508371054778,0},",,,,,,,,,,
9.5e-7,0.945,0.001788511,-0.000287163,0,,,,,"{9.5e-7,0.945,0.00178851135973722,-0.000287163250374701,0},",,,,,,,,,,
9.75e-7,0.945,0.00174494,-0.000330735,0,,,,,"{9.75e-7,0.945,0.00174493975382488,-0.000330734856287039,0},",,,,,,,,,,
1.0000000000000002e-6,0.945,0.001689253,-0.000386422,0,,,,,"{1.0000000000000002e-6,0.945,0.00168925297449196,-0.00038642163561996,0},",,,,,,,,,,
1.025e-6,0.945,0.001629441,-0.000446234,0,,,,,"{1.025e-6,0.945,0.00162944102184832,-0.000446233588263602,0},",,,,,,,,,,
1.0500000000000001e-6,0.945,0.001569935,-0.00050574,0,,,,,"{1.0500000000000001e-6,0.945,0.00156993465017106,-0.000505739959940863,0},",,,,,,,,,,
1.075e-6,0.945,0.001514933,-0.000560741,0,,,,,"{1.075e-6,0.945,0.00151493339562728,-0.000560741214484646,0},",,,,,,,,,,
1.1e-6,0.945,0.001465278,-0.000610396,0,,,,,"{1.1e-6,0.945,0.0014652783586079,-0.000610396251504022,0},",,,,,,,,,,
1.125e-6,0.945,0.001425222,-0.000650452,0,,,,,"{1.125e-6,0.945,0.00142522243120319,-0.000650452178908727,0},",,,,,,,,,,
1.15e-6,0.945,0.001398456,-0.000677219,0,,,,,"{1.15e-6,0.945,0.00139845572139381,-0.000677218888718109,0},",,,,,,,,,,
1.1750000000000002e-6,0.945,0.001391854,-0.00068382,0,,,,,"{1.1750000000000002e-6,0.945,0.00139185442065566,-0.000683820189456265,0},",,,,,,,,,,
1.2000000000000002e-6,0.945,0.00139377,-0.000681904,0,,,,,"{1.2000000000000002e-6,0.945,0.00139377038035857,-0.000681904229753353,0},",,,,,,,,,,
1.2250000000000001e-6,0.945,0.00143079,-0.000644885,0,,,,,"{1.2250000000000001e-6,0.945,0.00143078969276851,-0.000644884917343411,0},",,,,,,,,,,
1.25e-6,0.945,0.001524442,-0.000551232,0,,,,,"{1.25e-6,0.945,0.00152444218541001,-0.000551232424701914,0},",,,,,,,,,,
1.275e-6,0.945,0.001703198,-0.000372476,0,,,,,"{1.275e-6,0.945,0.00170319814058357,-0.00037247646952835,0},",,,,,,,,,,
1.3e-6,0.945,0.001951443,-0.000124231,0,,,,,"{1.3e-6,0.945,0.00195144342647734,-0.00012423118363458,0},",,,,,,,,,,
1.325e-6,0.945,0.002166885,9.12109E-05,0,,,,,"{1.325e-6,0.945,0.00216688549482321,9.12108847112903E-05,0},",,,,,,,,,,
1.35e-6,0.945,0.002256077,0.000180402,1,,,,,"{1.35e-6,0.945,0.00225607657490626,0.000180401964794337,1},",,,,,,,,,,
1.375e-6,0.945,0.002220508,0.000144833,1,,,,,"{1.375e-6,0.945,0.00222050754348081,0.000144832933368887,1},",,,,,,,,,,
1.4e-6,0.945,0.002160409,8.47347E-05,0,,,,,"{1.4e-6,0.945,0.00216040930725257,8.47346971406472E-05,0},",,,,,,,,,,
1.4250000000000001e-6,0.945,0.002092242,1.6567E-05,0,,,,,"{1.4250000000000001e-6,0.945,0.002092241590436,1.65669803240805E-05,0},",,,,,,,,,,
1.45e-6,0.945,0.002025651,-5.00238E-05,0,,,,,"{1.45e-6,0.945,0.00202565079831472,-5.00238117972012E-05,0},",,,,,,,,,,
1.4750000000000003e-6,0.945,0.001955577,-0.000120097,0,,,,,"{1.4750000000000003e-6,0.945,0.00195557722075485,-0.000120097389357071,0},",,,,,,,,,,
1.5e-6,0.945,0.001892164,-0.00018351,0,,,,,"{1.5e-6,0.945,0.00189216423271471,-0.000183510377397214,0},",,,,,,,,,,
